,LATITUDE,LONGITUDE,ZIP CODE
1,40.784615,-73.953964,
8,40.731407,-73.99698,
12,40.804585,-73.94782,
19,40.79293,-73.950005,
21,40.601864,-74.00232,
27,40.759163,-73.988396,
29,40.748436,-73.984566,
32,40.76122,-73.93056,
35,40.810173,-73.95117,
41,40.852673,-73.919106,
47,40.69613,-73.987114,
49,40.80777,-73.94549,
53,40.828346,-73.94906,
58,40.793472,-73.93726,
59,40.763374,-73.99647,
69,40.647243,-73.96048,
70,40.676598,-73.93039,
71,40.69925,-73.973206,
77,40.732254,-73.99636,
78,40.790623,-73.942444,
79,40.652954,-74.00215,
82,40.638523,-73.97319,
87,40.814632,-73.9442,
96,40.817898,-73.938095,
98,40.69666,-73.93109,
101,40.784943,-73.946594,
116,40.753986,-73.80769,
120,40.58516,-73.9874,
122,40.753304,-73.912575,
129,40.730194,-73.887566,
138,40.806705,-73.952866,
141,40.642548,-74.016655,
142,40.71523,-74.01334,
146,40.72202,-73.98345,
151,40.82538,-73.94006,
154,40.682186,-73.86982,
158,40.63667,-74.02567,
160,40.82942,-73.91226,
164,40.641212,-73.96444,
168,40.79793,-73.934,
170,40.729446,-74.00518,
172,40.6686,-73.73676,
184,40.79599,-73.96896,
185,40.721375,-73.7903,
187,40.735313,-73.994125,
192,40.756474,-73.94727,
198,40.69529,-73.94339,
204,40.691227,-73.98214,
210,40.68286,-73.97278,
218,40.767803,-73.95601,
220,40.85432,-73.92826,
222,40.70324,-73.92615,
227,40.752724,-73.996796,
232,40.850822,-73.90147,
244,40.795956,-73.97083,
245,40.808292,-73.94883,
254,40.796215,-73.822975,
257,40.87028,-73.878395,
262,40.68405,-73.98157,
269,40.68936,-73.7848,
279,40.737865,-74.00019,
280,40.702362,-73.91291,
281,40.640762,-74.00767,
285,40.692062,-73.95191,
286,40.811977,-73.92373,
291,40.63777,-74.07602,
299,40.824562,-73.948105,
311,40.645103,-74.01033,
312,40.668507,-73.92561,
313,40.65488,-73.96189,
320,40.743664,-73.856064,
323,40.6931,-73.95489,
324,40.83608,-73.93996,
330,40.790623,-73.942444,
332,40.77178,-73.9792,
334,40.692314,-73.88268,
341,40.676292,-73.92484,
344,40.844116,-73.89857,
345,40.76025,-73.96753,
351,40.659405,-73.9505,
355,40.687637,-73.97077,
359,40.759872,-73.784485,
360,40.626156,-73.983475,
361,40.82138,-73.95414,
362,40.814632,-73.9442,
363,40.895374,-73.86356,
365,40.73885,-73.810356,
367,40.824738,-73.95435,
371,40.807037,-73.949745,
379,40.81728,-73.938545,
382,40.69642,-73.95978,
383,40.73303,-73.8542,
384,40.766666,-73.96707,
401,40.88788,-73.85028,
402,40.811108,-73.92734,
410,40.770424,-73.96222,
411,40.7083,-74.01125,
420,40.720627,-74.00522,
421,40.668495,-73.925606,
422,40.712856,-73.9049,
423,40.77234,-73.95269,
426,40.643425,-74.01207,
427,40.72293,-73.847336,
436,40.68029,-73.94774,
443,40.78762,-73.84877,
445,40.7448,-73.953415,
450,40.777874,-73.95175,
457,40.69423,-73.94608,
459,40.64495,-73.9249,
460,40.695004,-73.9525,
472,40.75108,-73.98686,
473,40.750244,-73.920135,
483,40.624172,-73.94836,
487,40.80907,-73.94455,
488,40.753677,-73.914474,
494,40.833096,-73.94066,
495,40.79507,-73.93919,
496,40.63552,-74.0167,
497,40.578938,-73.98522,
499,40.802074,-73.93407,
505,40.80322,-73.95253,
514,40.617287,-73.97786,
518,40.80003,-73.954865,
521,40.6664,-73.74011,
523,40.704304,-73.92981,
536,40.78178,-73.98508,
543,40.86857,-73.93093,
550,40.878464,-73.82828,
559,40.676937,-73.92183,
563,40.81339,-73.95627,
574,40.836437,-73.91842,
576,40.61578,-73.99995,
581,40.829647,-73.94439,
584,40.83874,-73.913765,
585,40.70499,-73.91736,
587,40.743336,-73.9511,
595,40.72857,-73.85809,
598,40.680233,-73.96423,
599,40.705147,-73.90213,
600,40.622166,-74.141624,
601,40.697193,-73.72752,
608,40.840286,-73.92147,
610,40.626034,-73.98327,
613,40.675644,-73.94161,
614,40.570877,-74.16984,
616,40.6792,-73.9553,
617,40.767647,-73.92078,
618,40.692974,-73.90811,
626,0.0,0.0,
630,40.7441,-73.99565,
632,40.753098,-73.97788,
637,40.71786,-73.948326,
639,40.878,-73.90408,
643,40.715954,-73.986725,
660,40.79976,-73.96622,
663,40.76739,-73.97073,
664,40.77428,-73.957306,
682,40.721474,-73.98383,
700,40.702488,-73.98854,
709,40.668507,-73.92561,
710,40.76652,-73.92059,
713,40.83022,-73.94769,
714,40.826492,-73.907745,
716,40.619083,-73.950264,
718,40.696983,-73.935234,
719,40.82523,-73.94761,
720,40.58036,-73.96761,
721,40.727844,-73.98223,
728,40.70722,-73.78957,
730,40.655422,-73.95007,
733,40.696117,-73.970436,
734,40.67818,-73.870705,
742,40.712006,-73.75811,
744,40.656784,-73.91379,
745,40.63962,-73.95477,
747,40.799786,-73.968216,
748,40.70636,-73.95192,
760,40.86268,-73.90905,
763,40.815693,-73.948685,
764,40.69558,-73.83949,
768,40.837425,-73.92037,
778,40.65487,-73.96191,
783,40.788986,-73.97407,
788,40.69012,-73.92318,
790,40.776318,-73.962135,
795,40.77215,-73.929,
805,40.692123,-73.98904,
807,40.764732,-73.96637,
808,40.70064,-73.93647,
812,40.77753,-73.975006,
815,40.636574,-74.019196,
816,40.70987,-74.00706,
817,40.83142,-73.92644,
821,40.68662,-73.82319,
822,40.820435,-73.93624,
823,40.697124,-73.91106,
826,40.808395,-73.95296,
827,40.738758,-74.00241,
829,40.63782,-73.98921,
838,40.580627,-73.96622,
841,40.665718,-73.95687,
842,40.618427,-73.956245,
851,40.669857,-73.95051,
853,40.765392,-73.9182,
857,40.790813,-73.976456,
859,40.61913,-73.99019,
864,40.68896,-73.93326,
867,40.850475,-73.915436,
870,40.753284,-73.92049,
874,40.583725,-73.89372,
881,40.81574,-73.95456,
884,40.580616,-74.152534,
889,40.75831,-73.96294,
900,40.69977,-73.98294,
902,40.755405,-73.97949,
904,40.727287,-74.00064,
905,40.694363,-73.958,
913,40.694576,-73.95615,
914,40.736668,-73.997345,
915,40.588886,-73.965645,
919,40.752975,-73.91024,
920,40.70625,-74.00314,
925,40.730442,-73.98035,
931,40.71983,-73.98755,
939,40.85447,-73.91008,
941,40.64507,-73.95803,
942,40.69613,-73.987114,
950,40.605057,-73.999,
953,40.825756,-73.95094,
957,40.717175,-74.01288,
973,40.808002,-73.96391,
974,40.795456,-73.96564,
979,40.674,-73.960396,
981,40.60461,-73.99826,
982,40.57333,-74.117836,
984,40.730198,-73.954254,
994,40.601734,-73.935036,
995,40.73201,-73.98203,
997,40.61312,-73.9894,
998,40.650772,-74.01519,
999,40.84631,-73.91947,
1006,40.609005,-73.97304,
1011,40.799976,-73.94274,
1014,40.639256,-73.968796,
1017,40.87004,-73.8997,
1024,40.84028,-73.92741,
1026,40.748356,-74.00369,
1027,40.74622,-73.94553,
1030,40.820293,-73.94378,
1032,40.607258,-73.96727,
1036,40.682537,-73.95002,
1037,40.76464,-73.916595,
1038,40.579197,-73.98195,
1050,40.729824,-74.010605,
1054,40.63043,-73.88593,
1061,40.869846,-73.915886,
1068,40.823566,-73.93768,
1071,40.776833,-73.911705,
1072,40.799976,-73.958626,
1074,40.814102,-73.940865,
1081,40.78832,-73.941025,
1084,40.684006,-74.001656,
1087,40.771103,-73.96383,
1091,40.802444,-73.938835,
1093,40.56494,-74.15512,
1097,40.688904,-73.980934,
1101,40.686497,-73.94164,
1105,40.60455,-73.9691,
1107,40.837303,-73.90785,
1124,40.86795,-73.92701,
1126,40.716015,-74.00883,
1128,40.67556,-73.96334,
1130,40.691544,-73.9685,
1131,40.67342,-73.95017,
1139,40.734314,-73.93803,
1144,40.708805,-73.92577,
1145,40.692547,-73.990974,
1146,40.795456,-73.96564,
1151,40.785973,-73.96886,
1161,40.81467,-73.93622,
1166,40.6992,-73.92309,
1169,40.753677,-73.914474,
1170,40.67164,-73.95034,
1175,40.826275,-73.85971,
1179,40.67712,-73.900475,
1180,40.72225,-74.00592,
1181,40.79485,-73.962364,
1185,40.586765,-74.14617,
1186,40.85664,-73.86663,
1191,40.81133,-73.96403,
1193,40.66223,-73.93997,
1194,40.69979,-73.950096,
1197,40.672966,-73.941864,
1201,40.68438,-73.94702,
1206,40.820965,-73.939575,
1207,40.64507,-73.95803,
1208,40.659336,-73.92726,
1223,40.733612,-73.999565,
1228,40.801857,-73.957245,
1229,40.745907,-73.86964,
1230,40.626377,-73.910805,
1231,40.744915,-73.903694,
1233,40.747917,-73.9736,
1235,40.79599,-73.96896,
1238,40.748955,-73.87136,
1240,40.801754,-73.93121,
1241,40.825424,-73.923485,
1244,40.73305,-74.00642,
1246,40.822834,-73.941925,
1250,40.785732,-73.97645,
1251,40.79485,-73.962364,
1261,40.744064,-73.987755,
1269,40.672314,-73.893036,
1278,40.728195,-73.984886,
1279,40.576393,-73.9869,
1281,40.788685,-73.94386,
1294,40.75167,-73.94188,
1299,40.66434,-73.93155,
1313,40.63024,-74.139915,
1320,40.69986,-73.92829,
1323,40.70028,-73.941154,
1329,40.648464,-74.00683,
1330,40.68821,-73.96583,
1336,40.828278,-73.907036,
1350,40.82267,-73.92007,
1352,40.576885,-74.00323,
1353,40.822018,-73.95368,
1359,40.578938,-73.98522,
1360,40.790894,-73.945175,
1367,40.659355,-73.9992,
1368,0.0,0.0,
1369,40.72486,-73.98441,
1370,40.79286,-73.96754,
1374,40.874638,-73.909744,
1380,40.75286,-73.87446,
1391,40.75597,-73.91262,
1396,40.701958,-73.9239,
1402,40.67277,-73.9628,
1403,40.873947,-73.88341,
1404,40.843906,-73.92413,
1412,40.670277,-73.92542,
1414,40.747543,-73.97079,
1417,40.61384,-73.981445,
1422,40.677975,-73.91913,
1427,40.77929,-73.98114,
1431,40.768616,-73.92508,
1433,40.742096,-73.86748,
1438,40.67672,-73.94708,
1439,40.636574,-74.019196,
1446,40.752975,-73.91024,
1453,40.75991,-73.95882,
1456,40.703854,-73.95128,
1457,40.698387,-73.774895,
1458,40.8165,-73.946556,
1461,40.717834,-73.95773,
1468,40.659718,-73.94534,
1475,40.8133,-73.930405,
1476,40.597095,-74.18205,
1482,40.75595,-73.99074,
1483,40.686745,-73.96553,
1484,40.83516,-73.94561,
1490,40.688553,-73.962845,
1494,40.66278,-73.88086,
1496,40.75887,-73.82064,
1501,40.795956,-73.97083,
1502,40.835724,-73.92129,
1503,40.660824,-73.95065,
1505,40.843105,-73.91044,
1514,40.82579,-73.941055,
1515,40.58848,-73.991875,
1517,40.57944,-73.979614,
1518,40.667942,-73.99074,
1520,40.722977,-74.005066,
1526,40.684395,-73.97835,
1533,40.699192,-73.95519,
1536,40.76889,-73.9821,
1543,40.691456,-73.98735,
1549,40.698036,-73.962845,
1557,40.71717,-73.834946,
1568,40.74088,-73.990074,
1570,40.724136,-73.992615,
1576,40.693436,-73.97784,
1577,40.821636,-73.93909,
1584,40.887592,-73.8572,
1588,40.814774,-73.94038,
1593,40.68871,-73.95499,
1595,40.747242,-73.88766,
1602,40.69816,-73.92528,
1606,40.575935,-74.00543,
1608,40.852642,-73.908424,
1610,40.787064,-73.94194,
1617,40.70718,-73.92107,
1622,40.58196,-73.959946,
1624,40.696983,-73.935234,
1626,40.75348,-73.980896,
1629,40.71074,-73.94548,
1636,40.70284,-73.90529,
1639,40.580658,-73.985664,
1640,40.69939,-73.91938,
1644,40.66803,-73.87285,
1650,40.60676,-73.96373,
1655,40.69296,-73.93106,
1658,40.69302,-73.93706,
1664,40.81269,-73.95313,
1671,40.710907,-73.95165,
1676,40.77918,-73.9508,
1678,40.676598,-73.93039,
1680,40.695705,-73.94637,
1682,40.730885,-73.9479,
1692,40.676598,-73.93039,
1695,40.689274,-73.99913,
1698,40.68718,-73.79914,
1706,40.68668,-73.97937,
1708,40.804585,-73.91213,
1710,40.73384,-74.00121,
1711,40.73398,-73.99095,
1715,40.86177,-73.89868,
1718,40.754707,-73.99164,
1727,40.695255,-73.75554,
1728,40.753933,-73.86122,
1731,40.862755,-73.901085,
1738,40.60063,-73.9831,
1741,40.73992,-73.81513,
1745,40.700726,-73.94194,
1760,40.677414,-73.93033,
1768,40.747295,-73.97405,
1771,40.701355,-73.88794,
1778,40.606247,-73.97645,
1781,40.823647,-73.943855,
1785,40.811264,-73.95782,
1791,40.82451,-73.95186,
1794,40.71406,-73.95292,
1798,40.65104,-74.0111,
1799,40.694637,-73.949066,
1805,40.718647,-73.83771,
1807,40.748466,-73.99247,
1808,40.760525,-73.97998,
1814,40.818504,-73.91448,
1815,40.825756,-73.95094,
1819,40.613186,-73.9749,
1829,40.751545,-73.87085,
1830,40.698406,-73.80647,
1847,40.738796,-73.97716,
1851,40.69603,-73.943535,
1853,40.663517,-73.957214,
1855,40.684902,-73.92946,
1859,40.689144,-73.99071,
1861,40.677483,-73.93033,
1873,40.729553,-73.91188,
1874,40.680088,-73.94398,
1875,40.615005,-73.980225,
1883,40.743397,-73.9384,
1885,40.6212541,-74.0028565,
1887,40.85482,-73.9112,
1889,40.821117,-73.957466,
1893,40.639256,-73.968796,
1895,40.761406,-73.80385,
1896,40.763485,-73.98895,
1897,40.80256,-73.943,
1898,40.817173,-73.94606,
1899,40.776237,-73.95587,
1901,40.641747,-74.013824,
1905,40.81207,-73.93603,
1906,40.776722,-73.979294,
1908,40.75484,-73.98412,
1912,40.678722,-73.952995,
1914,40.749706,-73.99157,
1919,40.790253,-73.94564,
1921,40.76552,-73.98004,
1922,40.801754,-73.93121,
1924,40.69968,-73.79864,
1930,40.71346,-73.91522,
1935,40.72225,-74.00592,
1940,40.783974,-73.97031,
1943,40.841274,-73.91762,
1950,40.699013,-73.79573,
1961,40.710262,-73.95802,
1963,40.830242,-73.9497,
1968,40.773335,-73.95506,
1969,40.683582,-73.953964,
1989,40.804066,-73.93117,
1991,40.865364,-73.92439,
1993,40.720074,-73.988365,
1994,40.655037,-73.935585,
1995,40.681137,-73.95567,
1999,40.684082,-73.90864,
2000,40.73378,-73.98065,
2005,40.849285,-73.93894,
2006,40.68902,-73.98617,
2013,40.65117,-73.9419,
2021,40.655037,-73.935585,
2026,40.813374,-73.956276,
2028,40.82942,-73.91226,
2029,40.755928,-73.91928,
2032,40.655457,-73.92883,
2033,40.69149,-73.92557,
2035,40.69223,-73.76027,
2037,40.801754,-73.93121,
2039,40.760773,-73.984474,
2041,40.68341,-73.87304,
2045,40.679276,-73.92906,
2054,40.84206,-73.823425,
2059,40.826427,-73.950455,
2061,40.815304,-73.94371,
2072,40.70636,-73.95192,
2075,40.69821,-73.92406,
2076,40.81339,-73.95627,
2077,40.84771,-73.93798,
2079,40.810207,-73.93951,
2085,40.827206,-73.94246,
2086,40.719395,-74.00189,
2094,40.63778,-74.01794,
2097,40.692356,-73.94282,
2098,40.751835,-73.82427,
2103,40.68045,-73.87586,
2105,40.835297,-73.91291,
2106,40.694115,-73.79214,
2110,40.680733,-73.97451,
2111,40.70281,-73.9254,
2115,40.82077,-73.95459,
2121,40.8792169,-73.8852769,
2126,40.683933,-73.91228,
2133,40.826427,-73.950455,
2142,40.74565,-73.92485,
2147,40.57754,-73.99789,
2158,40.67066,-73.904205,
2159,40.670734,-73.93373,
2160,40.686905,-73.94463,
2167,40.801754,-73.93121,
2173,40.806477,-73.908455,
2176,40.64647,-74.01258,
2180,40.684814,-73.98353,
2181,40.852818,-73.90476,
2182,40.69603,-73.943535,
2183,40.72543,-73.99678,
2186,40.682846,-73.95382,
2187,40.797367,-73.96053,
2188,40.69099,-73.98932,
2201,40.74712,-73.94239,
2203,40.6104,-73.9586,
2214,40.684082,-73.90864,
2216,40.695114,-73.93194,
2218,40.58646,-73.81544,
2221,40.77041,-73.87558,
2222,40.76027,-73.80401,
2226,40.812725,-73.94931,
2230,40.849144,-73.93548,
2235,40.765545,-73.95471,
2236,40.683304,-73.917274,
2243,40.579826,-73.97622,
2246,40.703587,-73.944336,
2248,40.82814,-73.8953,
2250,40.6803904,-73.949557,
2254,40.84915,-73.917336,
2265,40.71679,-73.94982,
2268,40.864403,-73.923775,
2272,40.808804,-73.95589,
2273,40.811367,-73.95402,
2278,40.759884,-73.9368,
2282,40.741028,-73.99417,
2288,40.669857,-73.95051,
2295,40.640553,-74.0043,
2298,40.68771,-73.845345,
2299,40.677917,-73.93861,
2309,40.681126,-73.96446,
2312,40.65735,-73.97405,
2316,40.633152,-74.01639,
2318,40.68796,-73.94194,
2321,40.63552,-74.0167,
2324,40.69979,-73.950096,
2325,40.853813,-73.90734,
2332,40.814102,-73.940865,
2341,40.709206,-73.99607,
2343,40.707783,-73.932076,
2349,40.587303,-73.96036,
2354,40.599247,-74.00146,
2358,40.612564,-73.98998,
2365,40.67989,-73.94034,
2374,40.68218,-73.94659,
2382,40.788986,-73.97407,
2384,40.822308,-73.93859,
2389,40.596745,-73.985275,
2393,40.74641,-73.95032,
2401,40.75167,-73.94188,
2403,40.820435,-73.93623,
2409,40.748466,-73.87352,
2412,40.63073,-74.01734,
2413,40.76531,-73.99134,
2415,40.605495,-73.98307,
2428,40.691765,-73.99992,
2431,40.69149,-73.92557,
2433,40.70281,-73.9254,
2437,40.743267,-73.874664,
2440,40.703545,-73.92234,
2442,40.825897,-73.93936,
2443,40.75388,-73.96616,
2448,40.689728,-73.99017,
2450,40.746918,-73.97124,
2453,40.79157,-73.94469,
2454,40.782055,-73.95373,
2461,40.6481,-73.91474,
2466,0.0,0.0,
2471,40.7606,-73.964325,
2473,40.71337,-73.934814,
2481,40.68039,-73.94956,
2483,40.678722,-73.952995,
2488,40.68029,-73.94774,
2493,40.69613,-73.987114,
2494,40.807087,-73.94178,
2495,40.745113,-73.98067,
2496,40.73032,-74.00469,
2497,40.748466,-73.99247,
2499,40.678455,-73.949684,
2500,40.75005,-73.80634,
2503,40.811478,-73.950226,
2506,40.605618,-73.75666,
2512,40.6796,-73.80349,
2513,40.684937,-73.91014,
2523,40.815205,-73.947495,
2528,40.733303,-73.99333,
2538,40.598553,-73.997345,
2539,40.69133,-73.95177,
2540,40.717922,-73.9931,
2544,40.573013,-73.993835,
2548,40.698696,-73.93477,
2553,40.825954,-73.94337,
2556,40.735844,-74.00597,
2561,40.60827,-73.94232,
2562,40.731873,-74.00879,
2570,0.0,0.0,
2571,40.820095,-73.955086,
2585,40.820095,-73.955086,
2589,40.795525,-73.97594,
2592,40.73833,-73.8499,
2593,40.636826,-74.011765,
2599,40.684624,-73.93838,
2603,40.735752,-73.88052,
2606,40.67035,-73.89743,
2608,40.696785,-73.95659,
2623,40.756138,-73.98318,
2627,40.58604,-74.16859,
2632,40.75355,-73.98505,
2634,40.690563,-73.94536,
2638,40.818504,-73.91448,
2644,40.77912,-73.984985,
2651,40.820435,-73.93623,
2652,40.695995,-73.96742,
2661,40.63948,-74.016174,
2667,40.735752,-73.88052,
2671,40.839767,-73.905396,
2672,40.72293,-73.847336,
2678,40.695705,-73.94637,
2679,40.714073,-73.95534,
2684,40.71249,-73.93848,
2685,40.753857,-73.91764,
2686,40.690926,-73.92066,
2687,40.87022,-73.9147,
2689,40.695114,-73.911865,
2693,40.8283,-73.88296,
2697,40.592472,-73.80244,
2702,40.7118,-73.94224,
2708,40.755516,-73.98363,
2709,40.747765,-73.98296,
2712,40.830845,-73.93154,
2715,40.805725,-73.95442,
2717,40.817898,-73.938095,
2720,40.80054,-73.96192,
2721,40.869656,-73.898926,
2727,40.67004,-73.93658,
2733,40.6174,-73.9995,
2735,40.606762,-74.16583,
2743,40.7332923,-73.9871799,
2746,40.86811,-73.91976,
2749,40.830994,-73.928116,
2750,40.781693,-73.82225,
2754,40.74017,-73.97615,
2755,40.868702,-73.88472,
2758,40.652626,-74.00617,
2759,40.827812,-73.925934,
2761,40.698696,-73.93477,
2763,40.72015,-73.93783,
2766,40.728363,-74.00282,
2767,40.745308,-73.90753,
2770,40.610214,-73.94371,
2775,40.748863,-73.97584,
2778,40.748512,-73.98872,
2786,40.65317,-73.9616,
2787,40.690468,-73.9879,
2791,40.766876,-73.97908,
2794,40.725243,-74.01006,
2802,40.63834,-74.01736,
2804,40.619267,-74.1382,
2807,40.60719,-74.16243,
2815,40.62528,-74.13548,
2816,40.643425,-74.01207,
2823,40.697716,-73.967735,
2832,40.8398,-73.928665,
2833,40.697582,-73.92983,
2836,40.75539,-73.828285,
2839,40.71808,-73.95962,
2840,40.62757,-73.976585,
2846,40.730118,-73.86232,
2854,40.6355203,-74.0166962,
2857,40.8782149,-73.8411402,
2858,40.6675755,-73.729503,
2868,40.696033,-73.984535,
2871,40.857418,-73.89996,
2886,40.8548229,-73.911194,
2894,40.7489568,-73.8713571,
2896,40.6369521,-74.0224794,
2899,40.8317235,-73.9150083,
2901,40.6531723,-73.9615966,
2902,40.761585,-73.76086,
2907,40.66495,-73.993355,
2908,40.658875,-73.94753,
2917,40.8548229,-73.911194,
2919,40.6789349,-73.9619567,
2923,40.697075,-73.93185,
2925,40.63552,-74.0167,
2928,40.85025,-73.9007,
2929,40.8228364,-73.9419157,
2930,40.7506611,-73.9877793,
2934,40.8409687,-73.899174,
2938,40.58117,-73.95989,
2941,40.67417,-73.95671,
2942,40.6775,-73.94701,
2943,40.6840001,-73.9503006,
2944,40.6952888,-73.9433863,
2945,40.6957047,-73.9463647,
2948,40.826275,-73.85971,
2956,40.695995,-73.96742,
2960,40.81914,-73.93719,
2968,40.760662,-73.814,
2969,40.812737,-73.93762,
2972,40.753605,-73.9871,
2979,40.729168,-74.0012,
2980,40.624878,-73.96418,
2981,40.78356,-73.82449,
2988,40.764988,-73.82067,
2990,40.752098,-73.94425,
2994,40.78028,-73.98153,
3001,40.634964,-74.0204,
3009,40.713795,-73.944275,
3015,40.802532,-73.95303,
3020,40.627453,-73.97807,
3022,40.835724,-73.92129,
3024,40.7744252,-73.8987909,
3026,40.75595,-73.99074,
3028,40.82967,-73.931076,
3030,40.75829,-73.83431,
3032,40.74906,-73.870384,
3037,40.692024,-73.9818,
3038,40.678318,-73.94693,
3039,40.752724,-73.996796,
3041,40.696674,-73.957535,
3042,40.69584,-73.92959,
3043,40.6873,-73.973656,
3046,40.78393,-73.94423,
3053,40.7071535,-73.9314809,
3070,40.65073,-73.9719,
3073,40.68902,-73.98617,
3075,40.693874,-73.91777,
3078,40.818504,-73.91448,
3087,40.74017,-73.97615,
3099,40.67766,-73.968864,
3114,40.600883,-73.958681,
3115,40.70154,-73.93837,
3116,40.721233,-73.98778,
3120,40.759197,-73.98463,
3122,40.840874,-73.91979,
3124,40.69925,-73.973206,
3126,40.67973,-73.9374,
3130,40.715622,-73.99428,
3133,40.66895,-73.9339,
3134,40.683723,-73.96797,
3136,40.69657,-73.95844,
3137,40.682835,-73.94092,
3141,40.665916,-73.92547,
3146,40.85573,-73.910416,
3147,40.672363,-73.9308,
3149,40.729755,-74.00217,
3151,40.821175,-73.92574,
3152,40.76548,-73.913704,
3156,40.810062,-73.95497,
3166,40.679565,-73.93436,
3167,40.583725,-73.89372,
3173,40.85071,-73.865906,
3183,40.833088,-73.91904,
3184,40.712524,-73.962555,
3190,40.6802,-73.953285,
3191,40.673965,-73.99998,
3193,40.830936,-73.91241,
3195,40.686756,-73.9938,
3196,40.711166,-73.9489,
3197,40.736496,-73.909225,
3200,40.576626,-73.98478,
3207,40.717194,-73.98411,
3219,40.688995,-73.78581,
3222,40.86955,-73.88175,
3226,40.75228,-73.9897,
3229,40.704876,-73.81279,
3238,40.84784,-73.93953,
3239,40.701588,-73.98863,
3241,40.699707,-73.95718,
3244,40.596745,-73.985275,
3254,40.679565,-73.93436,
3257,40.761234,-73.96389,
3261,40.676134,-73.8192263,
3267,40.599255,-73.9894,
3272,40.5763924,-73.9868932,
3281,40.77286,-73.98955,
3284,40.60912,-73.99356,
3287,40.6448126,-73.9746424,
3289,40.753677,-73.914474,
3290,40.8382,-73.92371,
3294,40.698246,-73.98055,
3304,40.75092,-73.86224,
3316,40.6119959,-74.0013182,
3330,40.615562,-73.979645,
3339,40.659337,-73.9272553,
3341,40.7524109,-73.9783479,
3359,40.6896895,-73.9923627,
3362,40.634117,-73.94588,
3373,40.631844,-74.15222,
3375,40.693226,-73.96785,
3377,40.853115,-73.927246,
3379,40.570835,-74.16983,
3382,40.86877,-73.83174,
3389,40.730118,-73.86232,
3395,40.652462,-73.92285,
3405,40.6975608,-73.8527467,
3406,40.6529481,-74.0021659,
3407,40.6872462,-73.9546828,
3412,40.8011103,-73.9652135,
3415,40.6037285,-73.9967985,
3417,40.7452931,-73.9984879,
3422,40.6778446,-73.9528108,
3427,40.826427,-73.950455,
3438,40.726166,-73.99837,
3443,40.686497,-73.9168,
3446,40.81339,-73.95627,
3450,40.733612,-73.999565,
3461,40.7717829,-73.9654346,
3465,40.7834771,-73.9647574,
3469,40.8055956,-73.9581819,
3477,40.814774,-73.94038,
3478,40.80897,-73.94833,
3496,40.768795,-73.958374,
3499,40.7774128,-73.9787983,
3508,40.81339,-73.95627,
3509,40.680088,-73.94398,
3511,40.676598,-73.93039,
3521,40.7680332,-73.9958483,
3525,40.7360047,-73.9936167,
3526,40.6994563,-73.9396898,
3527,40.8127513,-73.9455695,
3540,40.812073,-73.93604,
3541,40.753944,-73.972145,
3543,40.82577,-73.91542,
3545,40.668648,-73.92835,
3547,40.789646,-73.94608,
3548,40.68238,-73.90565,
3551,40.727844,-73.98223,
3558,40.6944818,-73.8100529,
3562,40.7472447,-73.8876479,
3563,40.7161961,-73.9974902,
3572,40.7972169,-73.9699144,
3575,40.7617706,-73.979056,
3579,40.8593269,-73.9313133,
3590,40.8439015,-73.9005043,
3591,40.8444164,-73.902783,
3594,40.6878322,-73.9300332,
3595,40.7865943,-73.9683844,
3598,40.6817416,-73.958584,
3606,40.690784,-73.76257,
3609,40.751602,-73.93384,
3611,40.73166,-73.98545,
3612,40.72293,-73.98865,
3613,40.766285,-73.98186,
3617,40.59143,-73.775986,
3626,40.630383,-73.895004,
3627,40.7042,-73.815254,
3636,40.617672,-73.99542,
3637,40.669548,-73.911674,
3639,40.62707,-74.01865,
3641,40.662674,-73.94562,
3646,40.772346,-73.826584,
3647,40.634964,-74.0204,
3648,40.753857,-73.91764,
3655,40.7161961,-73.9974902,
3656,40.7834771,-73.9647574,
3669,40.6236805,-73.9977125,
3680,40.700104,-73.94726,
3685,40.65822,-73.89146,
3687,40.736562,-74.0010934,
3689,40.695157,-73.9200111,
3693,40.7678553,-73.9342271,
3694,40.7128614,-73.9657826,
3695,40.6150121,-73.9910134,
3697,40.72015,-73.93783,
3703,40.852726,-73.93443,
3706,40.729797,-73.97481,
3708,40.714073,-73.95534,
3714,40.67828,-73.958855,
3715,40.772343,-73.95269,
3729,40.765545,-73.95471,
3730,40.686646,-73.97982,
3738,40.597168,-73.97149,
3739,40.701912,-73.93699,
3748,40.753468,-73.91355,
3749,40.81666,-73.938995,
3754,40.752853,-73.99299,
3758,40.583687,-73.94487,
3763,40.729824,-74.010605,
3765,40.710907,-73.95165,
3767,40.678818,-73.96535,
3771,40.689228,-73.957,
3772,0.0,0.0,
3778,0.0,0.0,
3780,40.73012,-73.98947,
3784,40.71401,-73.85965,
3786,40.778095,-73.9783,
3789,40.730484,-73.94625,
3793,40.75996,-73.8614,
3796,40.694855,-73.925,
3797,40.7429,-73.89659,
3800,40.714325,-73.80743,
3804,40.675663,-73.9277,
3806,40.705914,-73.950294,
3808,40.694923,-73.915565,
3815,40.668358,-73.95592,
3819,40.691624,-73.942665,
3820,40.77543,-73.98398,
3824,40.6952,-73.92844,
3825,40.769436,-73.943954,
3826,40.699165,-73.914925,
3830,40.786938,-73.979294,
3833,40.740784,-73.815,
3834,40.672604,-73.993385,
3835,40.810173,-73.95117,
3842,40.82451,-73.95186,
3848,40.691895,-73.93384,
3851,40.788586,-73.95529,
3854,40.710278,-73.95802,
3858,40.847908,-73.90357,
3859,40.688614,-73.989174,
3862,40.68777,-73.98701,
3870,40.76521,-73.8005,
3877,40.851936,-73.91078,
3878,40.80777,-73.94549,
3879,40.733215,-74.00304,
3883,40.73992,-73.81513,
3886,40.691544,-73.9685,
3890,40.61368,-73.98882,
3899,40.745506,-73.852585,
3908,40.674747,-73.9417,
3915,40.69535,-73.91632,
3918,40.77441,-73.84542,
3921,40.714073,-73.95534,
3925,40.760494,-73.8614,
3928,40.852383,-73.92048,
3941,40.688564,-73.93019,
3943,40.827812,-73.925934,
3944,40.85664,-73.86663,
3947,40.771782,-73.96333,
3954,40.793186,-73.94057,
3956,40.82034,-73.940025,
3959,40.707596,-73.94831,
3961,40.824562,-73.948105,
3963,40.70519,-73.91478,
3970,40.63073,-74.01734,
3971,40.651104,-73.94381,
3977,40.828922,-73.9504,
3987,40.70718,-73.92107,
3993,40.775246,-73.94763,
3994,40.80174,-73.96477,
4006,40.688564,-73.93019,
4008,40.679733,-73.97432,
4009,40.709305,-73.84369,
4011,40.734993,-73.936295,
4013,40.688904,-73.980934,
4014,40.778614,-73.83887,
4017,0.0,0.0,
4018,40.708843,-74.00251,
4022,40.688698,-73.942085,
4023,40.686577,-73.947464,
4025,40.79485,-73.962364,
4030,40.685513,-73.97429,
4037,40.624653,-73.99933,
4039,40.81569,-73.958305,
4046,40.766857,-73.76269,
4049,40.852306,-73.89811,
4052,40.688667,-73.87548,
4062,40.688614,-73.989174,
4063,40.684814,-73.98353,
4064,40.688553,-73.91245,
4065,40.694923,-73.915565,
4068,40.714455,-73.935295,
4072,40.671185,-73.94204,
4095,40.690285,-73.95433,
4096,40.57957,-73.96221,
4098,40.59087,-73.801285,
4106,40.71245,-73.91853,
4107,40.605934,-74.000465,
4116,40.669098,-73.93666,
4119,40.61956,-74.01537,
4123,40.658306,-73.95666,
4132,40.75024,-73.998604,
4133,40.770054,-73.914406,
4136,40.836407,-73.94852,
4144,40.587566,-73.811264,
4145,40.880753,-73.90048,
4149,40.749638,-73.99905,
4154,40.748955,-73.87136,
4155,40.67533,-73.93609,
4157,40.764736,-73.98804,
4162,40.740112,-73.98222,
4167,40.799145,-73.972534,
4173,40.82897,-73.9486,
4188,40.722496,-73.9769,
4189,40.659016,-73.95673,
4192,40.681835,-73.97584,
4195,40.67549,-73.93885,
4199,40.69149,-73.92557,
4200,40.76177,-73.979065,
4203,40.69529,-73.94339,
4206,40.66061,-73.94262,
4209,40.710243,-73.9584,
4211,40.862312,-73.929436,
4216,40.65484,-73.9597,
4229,40.609512,-73.98957,
4231,40.736656,-74.00102,
4236,40.867733,-73.88285,
4237,40.699024,-73.91623,
4243,40.792362,-73.96418,
4249,40.857708,-73.9043,
4258,40.818504,-73.91448,
4261,40.691307,-73.91326,
4264,40.68668,-73.97937,
4265,40.76536,-73.98759,
4268,40.681515,-73.90412,
4270,40.668926,-73.88748,
4272,40.80897,-73.94833,
4273,40.681767,-73.96754,
4289,40.6952,-73.92844,
4292,40.742146,-74.00821,
4294,40.73723,-74.000656,
4295,40.80521,-73.94736,
4296,40.75201,-73.93016,
4301,40.68631,-73.97445,
4304,40.729862,-73.99144,
4306,40.679375,-73.96408,
4307,40.802696,-73.949196,
4309,40.69313,-73.96984,
4310,40.722553,-74.00141,
4313,40.806355,-73.953964,
4322,40.753307,-73.90669,
4324,40.83923,-73.94555,
4330,40.7338,-73.81481,
4332,40.72224,-73.9863,
4337,40.576744,-73.98372,
4344,40.71762,-74.00028,
4348,40.702675,-73.93396,
4349,40.632294,-73.96678,
4367,40.809406,-73.8803,
4373,40.66955,-73.94497,
4376,40.69798,-73.91257,
4387,40.655632,-73.95987,
4400,40.715622,-73.99428,
4409,40.68174,-73.95859,
4411,40.72547,-73.98396,
4418,40.627636,-74.160446,
4420,40.695557,-73.93457,
4422,40.822166,-73.94242,
4425,40.642548,-74.016655,
4427,40.735306,-74.00037,
4428,40.826427,-73.950455,
4430,40.753403,-73.90587,
4434,40.575256,-74.0053,
4436,40.680218,-73.775505,
4450,40.67308,-73.91124,
4451,40.69936,-73.931564,
4452,40.758327,-73.96894,
4453,40.820965,-73.939575,
4462,40.69608,-73.9694,
4470,40.698536,-73.91788,
4481,40.86235,-73.89997,
4482,40.67066,-73.957985,
4496,40.57554,-73.979645,
4502,40.73235,-73.984955,
4503,40.821484,-73.94855,
4505,40.755203,-73.871,
4511,40.722298,-73.99713,
4520,0.0,0.0,
4522,40.78519,-73.94934,
4531,40.74478,-73.93262,
4533,40.7553,-73.87009,
4536,40.772068,-73.92008,
4549,40.697582,-73.94965,
4565,40.81351,-73.91967,
4566,40.77631,-73.96423,
4575,40.7528,-73.979294,
4580,40.68781,-73.9237,
4582,40.745056,-73.978615,
4587,40.69977,-73.98294,
4591,40.805737,-73.94065,
4593,40.76394,-73.828156,
4595,40.684624,-73.93838,
4606,40.86159,-73.92475,
4615,40.72294,-73.92054,
4622,40.84631,-73.91947,
4628,40.765987,-73.98713,
4629,40.69889,-73.91753,
4637,40.867928,-73.88907,
4640,40.764904,-73.998146,
4641,40.750477,-73.815834,
4643,40.872314,-73.91274,
4650,40.659725,-73.95681,
4651,40.72225,-74.00592,
4655,40.752975,-73.91024,
4661,40.73195,-73.863434,
4665,40.626236,-73.97086,
4669,40.66858,-73.84223,
4673,40.66003,-73.92179,
4676,40.852673,-73.919106,
4678,40.821598,-73.89787,
4686,40.84768,-73.91237,
4687,40.688572,-73.991104,
4689,40.87626,-73.90395,
4691,40.636864,-74.15287,
4696,40.70739,-73.95054,
4700,40.59063,-73.993,
4710,40.72225,-74.00592,
4711,40.607582,-74.01229,
4714,40.771774,-73.96754,
4719,40.690926,-73.92066,
4726,40.729942,-73.99737,
4739,40.70316,-73.96588,
4740,40.753242,-73.96662,
4742,40.80647,-73.94644,
4747,40.73403,-73.995056,
4759,40.62625,-73.95163,
4761,40.6227,-74.13208,
4762,40.67187,-73.95464,
4763,40.80777,-73.94549,
4769,40.762856,-73.98942,
4772,40.84554,-73.93278,
4781,40.727207,-73.90742,
4786,40.86247,-73.90029,
4787,40.85573,-73.910416,
4794,40.693726,-73.92572,
4802,40.762062,-73.983635,
4806,40.818085,-73.96048,
4807,40.67828,-73.958855,
4811,40.636074,-73.951096,
4812,40.605057,-73.999,
4814,40.66303,-73.991684,
4817,40.668926,-73.88748,
4819,40.810684,-73.95452,
4821,40.864254,-73.88813,
4827,40.665916,-73.92547,
4829,40.692604,-73.92751,
4833,40.655872,-73.9564,
4838,40.683544,-73.99263,
4842,40.843994,-73.89752,
4843,40.639706,-74.13909,
4846,40.687943,-73.98141,
4847,40.669544,-73.917145,
4848,40.714066,-73.95163,
4850,40.639706,-74.01961,
4867,40.73444,-74.00619,
4881,40.818504,-73.91448,
4885,40.76531,-73.99134,
4891,40.871117,-73.87683,
4896,40.743626,-73.73437,
4898,0.0,0.0,
4899,0.0,0.0,
4901,40.7463,-73.971664,
4913,40.753994,-73.9742,
4922,40.793556,-73.967026,
4933,40.662563,-73.89146,
4938,40.658577,-73.89063,
4944,40.692883,-73.95678,
4945,40.64311,-74.016075,
4947,40.687557,-73.93896,
4954,40.70665,-73.95042,
4955,40.700497,-73.962555,
4956,40.697903,-73.9468,
4976,40.670887,-73.93649,
4983,40.617813,-74.00644,
4989,40.729355,-73.86023,
4992,40.771694,-73.95919,
4993,40.757378,-73.92691,
4995,40.687355,-73.9183,
4997,40.75203,-73.92915,
5000,40.863792,-73.91942,
5001,40.68237,-73.931946,
5004,40.71306,-73.80669,
5005,0.0,0.0,
5008,0.0,0.0,
5014,40.773796,-73.846375,
5022,40.760185,-73.9147,
5023,40.674385,-73.88795,
5036,40.6527,-73.95605,
5047,40.644142,-73.957924,
5051,40.674572,-73.96314,
5052,40.799984,-73.944855,
5053,40.688614,-73.989174,
5057,40.777412,-73.978806,
5058,40.59793,-73.9855,
5062,40.659004,-73.94527,
5075,40.83599,-73.914825,
5077,40.716316,-73.90164,
5084,40.62862,-74.01807,
5089,40.63417,-74.0178,
5092,40.65878,-73.960526,
5099,40.685463,-73.9506,
5102,40.69603,-73.943535,
5105,40.620914,-73.9753,
5111,40.661495,-73.939896,
5114,40.650948,-74.00793,
5120,40.58313,-73.9654,
5125,40.779476,-73.97358,
5126,0.0,0.0,
5130,0.0,0.0,
5132,40.80521,-73.94736,
5135,40.625042,-73.99534,
5136,40.678844,-73.86609,
5137,40.80184,-73.95915,
5142,40.823257,-73.94293,
5144,40.73398,-73.99095,
5145,40.792545,-73.94104,
5146,40.86159,-73.92475,
5147,40.71602,-73.79671,
5148,40.655872,-73.9564,
5151,40.795456,-73.96564,
5156,40.83639,-73.91588,
5174,40.67058,-73.93096,
5178,40.691822,-73.92223,
5180,40.802925,-73.96758,
5190,40.732914,-74.00398,
5195,40.814144,-73.95571,
5199,40.699406,-73.95338,
5204,0.0,0.0,
5224,40.73723,-74.000656,
5226,40.68383,-73.932236,
5231,40.819374,-73.95933,
5242,40.651733,-73.93039,
5243,40.8475,-73.86696,
5244,40.668648,-73.92835,
5245,40.691666,-73.76239,
5251,40.577244,-74.00004,
5252,40.66551,-73.992775,
5255,40.789623,-73.94007,
5260,40.5435,-74.14187,
5263,40.785294,-73.969345,
5269,40.818424,-73.94515,
5272,40.701103,-73.92239,
5278,40.82269,-73.94947,
5287,40.823708,-73.879,
5292,40.769905,-73.98057,
5296,40.6109,-74.00136,
5304,40.636784,-74.018974,
5307,40.711918,-73.871284,
5310,40.86235,-73.89997,
5323,40.682274,-73.99349,
5324,40.671642,-73.96258,
5328,40.815327,-73.93576,
5335,40.68719,-73.974625,
5338,40.6532,-74.005585,
5341,40.759163,-73.988396,
5344,40.68416,-73.96907,
5347,40.681515,-73.90412,
5350,40.69024,-73.9482,
5351,40.75958,-73.76894,
5355,40.755516,-73.98363,
5368,40.79507,-73.93919,
5369,40.709175,-73.94686,
5385,40.75597,-73.91262,
5395,40.762104,-73.960144,
5401,40.74478,-73.86342,
5406,40.784245,-73.9471,
5409,40.689754,-73.93939,
5410,40.698105,-73.93371,
5415,40.685707,-73.84455,
5416,40.684544,-73.96509,
5419,40.690426,-73.93355,
5421,40.744778,-73.97589,
5431,40.675446,-73.81354,
5435,40.664948,-73.94262,
5436,40.685028,-73.971245,
5438,40.701912,-73.93699,
5439,40.669735,-73.93104,
5447,40.693905,-73.94892,
5454,40.6104,-73.9586,
5458,40.671337,-73.9448,
5463,40.69936,-73.931564,
5470,40.68665,-73.920746,
5478,40.71654,-73.996994,
5481,40.73339,-74.00428,
5482,40.713745,-73.99395,
5484,40.7632,-73.92109,
5485,40.602467,-73.96638,
5486,40.79166,-73.96469,
5488,40.727974,-73.98813,
5493,40.84932,-73.93374,
5495,0.0,0.0,
5496,40.69889,-73.91753,
5510,40.754513,-73.8776,
5514,40.60927,-74.1513,
5515,40.852306,-73.89811,
5528,40.58038,-73.967606,
5531,40.730274,-73.79263,
5536,40.671337,-73.9448,
5539,40.648705,-74.010254,
5541,40.71473,-73.94208,
5554,40.66279,-73.98833,
5558,40.60386,-74.00979,
5561,40.606422,-74.0147,
5563,40.67706,-73.96598,
5564,40.750317,-73.99112,
5565,40.687363,-73.99004,
5567,40.643063,-73.95166,
5570,40.616825,-73.992516,
5573,40.612003,-73.99057,
5576,40.763893,-73.915,
5579,0.0,0.0,
5585,40.75219,-73.99347,
5588,40.823257,-73.94293,
5592,40.876606,-73.89959,
5594,40.646446,-74.07884,
5598,40.72678,-73.98899,
5601,40.734314,-73.93803,
5603,40.771126,-73.80158,
5604,40.874638,-73.909744,
5608,40.77674,-73.82433,
5628,40.65017,-73.92921,
5629,40.85144,-73.88896,
5635,40.811478,-73.950226,
5649,40.861862,-73.91275,
5652,40.8253,-73.890686,
5668,40.74128,-73.90257,
5670,40.843365,-73.91545,
5671,40.60603,-73.98703,
5684,40.77912,-73.984985,
5691,40.7025,-73.91633,
5696,40.787045,-73.97759,
5702,40.692883,-73.95678,
5704,40.65994,-73.95347,
5713,40.748825,-73.90891,
5718,40.732754,-73.99004,
5725,40.676094,-73.94992,
5726,40.67066,-73.957985,
5727,40.695995,-73.96742,
5730,40.714207,-73.92817,
5746,40.64507,-73.95803,
5751,40.680477,-73.951164,
5753,40.583725,-73.89372,
5757,40.73691,-73.86784,
5768,40.710888,-74.00907,
5780,40.683582,-73.953964,
5782,40.76428,-73.97302,
5793,40.674088,-73.79837,
5796,40.674572,-73.96314,
5797,40.77242,-73.97873,
5798,40.720238,-73.94441,
5799,40.728745,-73.978546,
5808,40.738686,-73.99588,
5816,40.695995,-73.96742,
5817,40.661964,-73.95705,
5821,40.84002,-73.8373,
5825,40.693172,-73.94878,
5830,40.67699,-73.92283,
5833,40.728416,-73.952415,
5834,40.822018,-73.953674,
5845,40.65431,-74.004425,
5850,40.593994,-73.98072,
5854,40.792244,-73.94419,
5858,40.78517,-73.973145,
5864,40.697075,-73.93185,
5865,40.84247,-73.85335,
5868,40.692425,-73.96075,
5871,40.76927,-73.981026,
5878,40.67187,-73.95464,
5881,40.687416,-73.95972,
5884,40.825455,-73.91317,
5885,40.763893,-73.915,
5886,40.80297,-73.96387,
5891,40.694305,-73.91852,
5896,40.69299,-73.95583,
5898,40.729515,-73.8715,
5905,40.700104,-73.94726,
5916,40.58478,-73.962555,
5926,40.639137,-74.0202,
5927,40.680313,-73.94332,
5929,40.825897,-73.93936,
5932,40.819317,-73.93032,
5934,40.712284,-73.78536,
5937,40.663555,-73.93162,
5941,40.676292,-73.92484,
5943,40.77161,-73.99046,
5946,40.821262,-73.94608,
5947,40.710243,-73.9584,
5952,40.829163,-73.93727,
5953,40.636913,-73.993744,
5957,40.815975,-73.94322,
5959,40.688255,-73.979294,
5960,40.827057,-73.95202,
5974,40.711975,-73.76945,
5977,40.667076,-73.99508,
5980,40.664227,-73.94547,
5981,40.528225,-74.23938,
5986,40.699627,-73.923836,
5991,40.699814,-73.93236,
6006,40.697803,-73.969734,
6007,40.652626,-74.00617,
6014,40.68481,-73.99177,
6020,40.80202,-73.94969,
6025,40.645348,-74.01375,
6027,40.734432,-73.989914,
6029,40.6952,-73.92844,
6033,40.62496,-74.14471,
6036,40.774113,-73.98863,
6038,40.693966,-73.99646,
6049,40.694576,-73.95615,
6051,40.759895,-73.823944,
6058,40.7171,-73.9986,
6060,40.692604,-73.92751,
6081,40.697315,-73.932274,
6090,40.652626,-74.00617,
6093,40.583725,-73.89372,
6101,40.767227,-73.918915,
6104,40.679832,-73.95322,
6109,40.663727,-73.95386,
6113,40.846046,-73.94025,
6115,40.689426,-73.94223,
6117,40.792812,-73.937744,
6121,40.640064,-74.01557,
6129,40.719227,-73.962906,
6131,40.801342,-73.94598,
6133,40.877705,-73.90566,
6134,40.85482,-73.9112,
6139,40.787064,-73.94194,
6140,40.62868,-74.012146,
6144,40.845303,-73.847115,
6151,40.799843,-73.95246,
6155,40.681297,-73.93472,
6161,40.739166,-73.76362,
6164,40.820625,-73.95842,
6166,40.82326,-73.95277,
6167,40.62459,-74.14129,
6168,40.72543,-73.99678,
6174,40.837803,-73.94215,
6178,40.671406,-73.96133,
6179,40.819317,-73.93032,
6182,40.676548,-73.96354,
6185,40.866062,-73.92251,
6187,40.72804,-73.83171,
6189,40.56444,-74.12676,
6191,40.790367,-73.949776,
6194,40.857903,-73.86468,
6204,40.730118,-73.86232,
6209,40.704067,-73.93861,
6211,40.583725,-73.89372,
6214,40.72931,-73.997894,
6220,40.782383,-73.9166,
6221,40.734673,-73.99459,
6223,40.8617,-73.89139,
6224,40.814636,-73.920334,
6225,40.822308,-73.93859,
6228,40.856037,-73.83284,
6232,40.666737,-73.90224,
6233,40.70927,-73.797325,
6250,40.681118,-73.96443,
6251,40.692123,-73.98904,
6265,40.615204,-74.084656,
6267,40.636536,-74.1624,
6269,40.86024,-73.92843,
6274,40.765102,-73.91291,
6277,40.648464,-74.00683,
6281,40.69782,-73.927826,
6287,40.662735,-73.95713,
6290,40.79496,-73.95064,
6294,40.728363,-74.00282,
6295,40.80117,-73.961464,
6296,40.607864,-73.981636,
6297,40.79525,-73.97321,
6299,40.69024,-73.9482,
6307,40.67117,-73.92534,
6318,40.645073,-73.94994,
6323,40.6527,-73.95605,
6328,40.624653,-73.99933,
6331,40.82406,-73.92815,
6349,40.69299,-73.95583,
6360,40.601578,-73.99783,
6362,40.81275,-73.94558,
6366,40.80417,-73.966705,
6370,40.730194,-73.887566,
6377,40.6783,-73.88988,
6378,40.81108,-73.9273,
6387,40.58667,-73.966156,
6393,40.81108,-73.9273,
6398,40.70421,-73.96123,
6399,40.638733,-73.98468,
6400,40.75514,-73.92213,
6401,40.618973,-74.00523,
6402,40.8272,-73.94245,
6409,0.0,0.0,
6410,40.755745,-73.83076,
6413,40.676895,-73.93593,
6415,40.74017,-73.97615,
6419,40.784615,-73.953964,
6421,40.846878,-73.920616,
6423,40.762276,-73.785126,
6430,40.824562,-73.87259,
6438,40.70316,-73.96588,
6443,0.0,0.0,
6452,40.753284,-73.92049,
6455,40.68733,-73.98183,
6456,40.651264,-74.003914,
6461,40.66937,-73.89523,
6462,40.79668,-73.93492,
6469,40.671185,-73.94204,
6473,40.686825,-73.93881,
6477,40.76099,-73.99077,
6481,40.820625,-73.95842,
6484,40.65133,-73.90607,
6488,40.73392,-73.9928,
6499,40.693523,-73.9522,
6502,40.60572,-73.981224,
6511,40.793377,-73.97086,
6514,40.868465,-73.92404,
6515,40.821636,-73.93909,
6521,40.757385,-73.98226,
6522,40.691624,-73.942665,
6526,40.7178,-73.80358,
6528,40.74284,-74.00028,
6533,40.706264,-73.75866,
6534,40.732754,-73.99004,
6535,40.85051,-73.93105,
6550,40.789238,-73.80486,
6553,40.601734,-73.935036,
6566,40.77235,-73.94666,
6590,40.579826,-73.97622,
6592,40.59192,-73.99401,
6595,40.68963,-73.98575,
6598,40.69122,-73.93969,
6599,40.705605,-73.94627,
6604,40.657093,-73.95026,
6606,40.709023,-73.798195,
6612,40.727844,-73.98223,
6615,40.653633,-73.72538,
6619,40.771393,-73.98216,
6621,40.723305,-74.00299,
6624,40.694363,-73.958,
6627,40.636932,-73.99982,
6628,40.662174,-73.953705,
6629,40.82465,-73.94623,
6631,40.85482,-73.9112,
6637,40.70197,-73.8019,
6638,40.693172,-73.97086,
6644,40.84364,-73.91304,
6650,40.683647,-73.94688,
6652,40.85482,-73.9112,
6656,40.82773,-73.94952,
6657,40.69827,-73.834854,
6658,40.702496,-73.81303,
6670,40.669098,-73.93666,
6672,40.72639,-73.991806,
6673,40.728416,-73.952415,
6680,40.827343,-73.94279,
6686,40.81108,-73.9273,
6693,40.697716,-73.967735,
6698,40.751892,-73.9676,
6702,40.644306,-74.01804,
6705,40.750965,-73.94027,
6706,40.719738,-73.957825,
6707,40.619095,-73.93865,
6715,40.775013,-73.990776,
6716,40.676132,-73.81924,
6721,40.626328,-74.13132,
6724,40.69613,-73.987114,
6725,40.69684,-73.98707,
6738,40.75043,-73.87781,
6744,40.73988,-73.99872,
6747,40.724884,-73.94743,
6750,40.878464,-73.82828,
6752,40.6527,-73.95605,
6756,40.592087,-73.786255,
6763,40.75587,-73.972824,
6767,40.691208,-73.813545,
6773,40.716362,-73.93788,
6774,40.8252,-73.867714,
6775,40.651268,-73.97181,
6785,40.702698,-73.7835,
6788,40.704067,-73.93861,
6789,40.68607,-73.91605,
6791,40.805058,-73.93904,
6802,40.699627,-73.923836,
6805,40.673843,-73.92509,
6811,40.686745,-73.96553,
6826,40.69644,-73.92228,
6838,40.65418,-73.91072,
6839,40.837154,-73.917854,
6841,40.814636,-73.920334,
6848,40.60041,-73.9882,
6850,40.82481,-73.93679,
6855,40.70219,-73.928345,
6862,40.828278,-73.907036,
6863,40.850166,-73.93576,
6866,40.72254,-73.94908,
6872,40.650806,-73.94958,
6875,40.803745,-73.95587,
6881,40.855095,-73.9369,
6882,40.699505,-73.88884,
6886,40.663555,-73.93162,
6887,40.76548,-73.913704,
6893,40.69939,-73.91938,
6895,40.798576,-73.97316,
6897,40.803425,-73.93309,
6899,40.840225,-73.91769,
6900,40.819893,-73.946724,
6902,40.700497,-73.962555,
6910,0.0,0.0,
6914,40.711033,-74.01454,
6918,40.664707,-73.92824,
6924,40.746033,-73.93441,
6927,40.71233,-73.78859,
6928,40.705425,-73.78258,
6929,40.8252,-73.867714,
6938,40.699158,-73.927055,
6939,40.752403,-73.92442,
6942,40.700123,-73.947136,
6943,40.754276,-73.90902,
6954,40.677845,-73.95282,
6958,40.752975,-73.91024,
6962,40.78393,-73.94423,
6966,40.729008,-73.99375,
6967,40.747242,-73.88766,
6968,40.673157,-73.789024,
6969,40.608,-74.001724,
6971,40.76316,-73.8164,
6974,40.81653,-73.93488,
6978,40.6735,-73.88503,
6986,40.792244,-73.94629,
6992,40.73594,-73.85887,
6997,40.76774,-73.87999,
7013,40.798126,-73.94832,
7014,40.782887,-73.9439,
7026,40.684544,-73.96509,
7029,40.713478,-73.9476,
7030,40.648777,-73.92039,
7034,40.82403,-73.94476,
7038,40.7067,-73.95292,
7049,40.71786,-73.948326,
7050,40.67582,-73.930466,
7052,40.625946,-74.14858,
7060,40.695995,-73.96742,
7061,40.63835,-74.140045,
7063,40.829136,-73.9114,
7064,40.690002,-73.92413,
7066,40.75167,-73.94188,
7069,40.689426,-73.94223,
7070,40.67973,-73.76162,
7071,40.646927,-73.88074,
7073,40.701237,-73.79465,
7075,40.846867,-73.90876,
7078,40.854904,-73.89645,
7079,40.729652,-74.00221,
7083,40.689964,-73.796776,
7084,40.62567,-74.14302,
7088,40.72931,-73.997894,
7090,40.81632,-73.95784,
7096,40.69336,-73.97585,
7103,40.68723,-73.941795,
7104,40.694855,-73.925,
7116,40.54301,-74.19853,
7119,40.84105,-73.94469,
7122,40.73723,-74.000656,
7124,40.66077,-73.89551,
7126,40.77077,-73.91727,
7128,40.777412,-73.978806,
7129,40.563915,-74.11637,
7131,40.69979,-73.950096,
7134,40.683567,-73.94106,
7137,40.746494,-73.932274,
7138,40.60507,-73.97913,
7139,40.669403,-73.94221,
7148,40.8439,-73.9117,
7149,40.645805,-74.00242,
7150,40.612003,-73.99057,
7156,40.75372,-73.83283,
7157,40.77242,-73.97873,
7159,40.763588,-73.83603,
7162,40.602573,-73.94332,
7164,40.834415,-73.92854,
7166,40.865536,-73.92728,
7169,40.67312,-73.96072,
7170,40.691624,-73.942665,
7191,0.0,0.0,
7197,40.711906,-74.00604,
7198,40.852818,-73.90476,
7199,40.79935,-73.95908,
7200,40.678722,-73.952995,
7218,40.73883,-73.983154,
7233,40.65217,-73.96141,
7237,40.765392,-73.9182,
7243,40.70918,-73.81916,
7246,40.84708,-73.86836,
7255,40.685764,-73.9415,
7256,40.6877,-73.91095,
7257,40.61913,-73.99019,
7258,40.82326,-73.95277,
7259,40.831974,-73.9235,
7265,40.68468,-74.001335,
7272,40.703667,-73.9269,
7275,40.86674,-73.92873,
7277,40.697903,-73.9468,
7280,40.857903,-73.86468,
7287,0.0,0.0,
7293,40.752934,-73.819786,
7295,40.77741,-73.978806,
7299,40.678722,-73.952995,
7301,40.820515,-73.930695,
7303,40.698536,-73.91788,
7304,40.72369,-73.976036,
7308,40.708256,-73.91997,
7310,40.6557,-73.91546,
7325,40.628876,-73.98043,
7327,40.67058,-73.93096,
7340,40.815933,-73.90992,
7343,40.825996,-73.92483,
7349,40.702953,-73.91706,
7350,40.75855,-73.82964,
7351,40.688614,-73.999435,
7357,40.76132,-73.9171,
7366,0.0,0.0,
7367,40.7326,-73.987686,
7368,40.812744,-73.937645,
7370,40.73596,-74.005135,
7381,40.737865,-74.00019,
7382,40.72605,-73.98354,
7384,40.766705,-73.78274,
7388,0.0,0.0,
7394,40.79931,-73.943245,
7408,40.645348,-74.01375,
7409,40.765614,-73.9607,
7423,40.579197,-73.98195,
7424,40.792187,-73.9382,
7427,40.840946,-73.832535,
7431,40.69731,-73.932274,
7439,40.67672,-73.94708,
7444,40.72543,-73.99678,
7450,40.811478,-73.950226,
7455,40.7025,-73.91633,
7463,40.818558,-73.92732,
7464,40.60583,-73.75779,
7475,40.825573,-73.918465,
7487,40.744034,-74.00313,
7491,40.71148,-73.9456,
7500,40.793377,-73.97086,
7512,40.757286,-73.97812,
7513,40.818058,-73.90501,
7526,40.661167,-73.87969,
7529,40.69083,-73.9244,
7537,40.754097,-73.97834,
7542,40.761658,-73.986565,
7549,0.0,0.0,
7551,40.696983,-73.935234,
7554,0.0,0.0,
7560,40.676243,-73.95269,
7563,40.758022,-73.981804,
7566,40.82472,-73.87147,
7574,40.670124,-73.95528,
7576,40.71543,-74.00755,
7578,40.60063,-73.9831,
7580,0.0,0.0,
7582,40.812263,-73.92059,
7586,40.72173,-73.98469,
7587,40.582287,-74.16907,
7590,0.0,0.0,
7591,40.658535,-73.97328,
7595,40.686825,-73.93881,
7600,40.73715,-73.930824,
7602,40.799957,-73.96053,
7609,40.658966,-73.9191,
7610,40.78294,-73.948044,
7611,40.8651,-73.92189,
7612,40.641254,-73.9964,
7631,40.684002,-73.86343,
7639,40.665718,-73.95687,
7647,40.706264,-73.75866,
7651,40.79157,-73.94469,
7653,40.6293,-74.07661,
7664,40.74036,-74.00914,
7666,40.58115,-73.96376,
7667,40.674416,-73.96695,
7668,40.67312,-73.94463,
7670,40.855556,-73.92918,
7671,40.689228,-73.957,
7680,40.70213,-73.94432,
7683,40.859875,-73.89323,
7686,40.75503,-73.98665,
7690,0.0,0.0,
7691,40.74592,-73.986404,
7698,40.87626,-73.90395,
7700,40.828407,-73.84392,
7703,40.69613,-73.987114,
7707,40.759884,-73.9368,
7711,40.68723,-73.941795,
7716,40.801754,-73.93121,
7725,40.68096,-73.93765,
7726,40.857903,-73.86468,
7728,40.877068,-73.906105,
7729,40.656483,-73.96008,
7735,40.67619,-73.9081,
7745,0.0,0.0,
7754,40.855556,-73.92918,
7755,40.697407,-73.93601,
7756,40.852516,-73.90001,
7757,40.775368,-73.90962,
7758,40.754875,-73.96853,
7760,40.82472,-73.87147,
7761,40.828976,-73.9486,
7764,40.64983,-74.00909,
7765,40.669544,-73.917145,
7770,40.68708,-73.913895,
7774,40.748924,-73.937386,
7784,40.761093,-73.98327,
7789,40.713333,-73.91305,
7794,40.808292,-73.94883,
7799,40.790253,-73.94564,
7800,40.82664,-73.94306,
7806,40.822163,-73.94242,
7810,40.861828,-73.89286,
7818,40.650944,-73.905975,
7819,40.77077,-73.91727,
7821,40.733433,-73.9955,
7824,40.765358,-73.965904,
7829,40.694805,-73.8982,
7839,40.611034,-73.95258,
7842,40.851093,-73.93244,
7846,40.613895,-73.99219,
7851,40.85004,-73.91606,
7855,40.713287,-73.87163,
7859,40.644547,-74.01091,
7866,40.694576,-73.95615,
7871,40.764347,-73.82595,
7875,40.753166,-73.82194,
7877,40.84497,-73.9092,
7884,40.844048,-73.94115,
7887,40.694893,-73.95342,
7890,40.693523,-73.9522,
7896,40.708855,-73.778175,
7899,40.68837,-73.944916,
7900,40.792362,-73.96418,
7901,40.810093,-73.95309,
7906,40.745113,-73.98067,
7910,40.67948,-73.93291,
7911,40.768803,-73.95837,
7912,40.850506,-73.93287,
7918,40.671032,-73.93927,
7926,40.61384,-73.981445,
7927,40.697803,-73.969734,
7929,40.76624,-73.960236,
7932,40.72225,-74.00592,
7938,40.69168,-73.99965,
7942,40.689728,-73.99017,
7946,40.810764,-73.9526,
7948,40.751297,-73.889336,
7953,40.696117,-73.970436,
7961,40.85004,-73.91606,
7962,40.723133,-73.88325,
7968,40.833836,-73.91586,
7969,40.855785,-73.90558,
7970,40.72293,-73.847336,
7972,40.730057,-73.999374,
7973,40.77221,-73.98219,
7975,40.72983,-74.010666,
7978,40.771774,-73.92445,
7982,40.646515,-73.958115,
7986,40.725643,-73.99207,
7987,40.842464,-73.92414,
7998,40.68576,-73.915504,
7999,40.792812,-73.937744,
8006,40.821262,-73.94608,
8009,40.787685,-73.97502,
8010,40.667095,-73.92276,
8022,40.80886,-73.95213,
8025,40.844524,-73.902725,
8027,40.67312,-73.94463,
8040,40.877068,-73.906105,
8055,40.761234,-73.96389,
8069,40.639294,-74.01279,
8085,40.803024,-73.93632,
8086,40.754875,-73.96853,
8090,40.81401,-73.94466,
8092,40.758022,-73.981804,
8093,40.82664,-73.94306,
8097,40.820095,-73.955086,
8098,40.75379,-73.91548,
8100,40.769333,-73.841736,
8102,40.83027,-73.94393,
8104,40.733303,-73.99333,
8107,40.819057,-73.92923,
8108,40.8623,-73.92943,
8110,40.712006,-74.005775,
8111,40.75777,-73.854164,
8113,40.67567,-73.89785,
8115,40.72956,-73.87145,
8120,40.817173,-73.94606,
8128,40.6981,-73.92517,
8131,40.813255,-73.93028,
8133,40.666878,-73.94522,
8134,40.80297,-73.96387,
8136,40.679955,-73.97491,
8137,40.638733,-74.01337,
8138,40.8666,-73.895454,
8142,40.67033,-73.774506,
8149,40.822643,-73.953224,
8153,40.72551,-74.004036,
8156,40.609985,-73.96239,
8158,40.78722,-73.96793,
8159,40.6772,-73.94147,
8160,40.69822,-73.943954,
8161,40.87028,-73.878395,
8166,40.84518,-73.91417,
8174,40.670124,-73.95528,
8177,40.840286,-73.92147,
8180,40.633152,-74.01639,
8186,40.844833,-73.909386,
8193,40.74715,-73.985504,
8194,40.68039,-73.94956,
8195,40.601593,-73.97437,
8197,40.78324,-73.97455,
8204,40.643776,-74.008125,
8205,40.79166,-73.96469,
8217,40.67164,-73.95034,
8219,40.795963,-73.97084,
8226,40.58267,-73.96306,
8233,40.702312,-73.93535,
8236,40.83406,-73.944885,
8237,40.61626,-73.99309,
8239,40.667015,-73.9313,
8243,40.760456,-73.98374,
8247,40.65812,-73.934006,
8263,40.704823,-74.006905,
8268,40.883556,-73.84974,
8269,40.68983,-73.97863,
8270,40.59727,-73.99868,
8277,40.823624,-73.94591,
8278,40.845303,-73.847115,
8280,40.79009,-73.797485,
8283,40.681137,-73.95567,
8290,40.67043,-73.928185,
8296,40.658535,-73.97328,
8299,40.66351,-73.89175,
8304,40.609535,-73.75372,
8306,40.608078,-73.979706,
8311,40.72293,-73.98865,
8318,40.595142,-73.75342,
8321,40.792927,-73.94791,
8322,40.851936,-73.91078,
8323,40.748306,-73.87104,
8327,40.689335,-73.95608,
8331,40.67118,-73.96934,
8333,40.687565,-73.83441,
8334,40.70003,-73.90698,
8336,40.61024,-73.9924,
8340,40.669098,-73.93666,
8344,40.689354,-73.936325,
8354,40.729404,-73.99455,
8360,40.65735,-73.97405,
8365,40.607243,-73.98726,
8369,40.742256,-73.97768,
8375,40.767735,-73.9185,
8376,40.81094,-73.94318,
8378,40.810402,-73.92196,
8385,40.71445,-73.9306,
8386,40.68024,-73.946754,
8388,40.698807,-73.91837,
8392,40.67834,-73.95521,
8395,40.662846,-73.94284,
8399,40.713444,-73.99854,
8403,40.73002,-73.98355,
8407,40.71382,-73.92077,
8412,40.625546,-73.93998,
8413,40.80608,-73.96532,
8420,40.81636,-73.954094,
8421,40.65239,-73.92655,
8429,40.764053,-73.96476,
8432,40.689228,-73.957,
8433,40.604996,-73.99427,
8436,40.756565,-73.99028,
8439,40.695114,-73.93194,
8448,40.74766,-73.86346,
8450,40.782627,-73.97499,
8461,40.751453,-73.83228,
8462,40.62334,-73.95595,
8463,40.817226,-73.94231,
8465,40.68665,-73.91315,
8466,40.69953,-73.91104,
8469,40.68864,-73.920555,
8470,40.680035,-73.9055,
8476,40.697075,-73.93185,
8479,40.82403,-73.94476,
8486,40.79156,-73.968475,
8487,40.735302,-74.00494,
8491,40.710735,-73.961815,
8496,40.617813,-74.00644,
8499,40.821117,-73.957466,
8501,40.668118,-73.89292,
8506,40.743122,-73.897545,
8507,40.643646,-73.989784,
8510,40.676872,-73.94985,
8511,40.68987,-73.988304,
8515,40.71126,-73.899864,
8523,40.634354,-73.94202,
8525,40.82959,-73.90949,
8528,40.835777,-73.91647,
8536,40.827633,-73.93577,
8549,40.81632,-73.89622,
8550,40.751915,-73.96929,
8551,40.696735,-73.93481,
8554,40.693874,-73.91777,
8555,40.666744,-73.91292,
8559,40.670006,-73.95328,
8564,40.633663,-73.96395,
8568,40.78858,-73.955284,
8570,40.732254,-73.99636,
8572,40.71091,-73.85373,
8577,40.679485,-73.94682,
8578,40.69299,-73.95583,
8583,40.812622,-73.92934,
8584,40.665245,-73.87513,
8589,40.66276,-73.944214,
8592,40.754314,-73.98687,
8594,40.636326,-73.958405,
8599,40.77873,-73.97784,
8601,40.77246,-73.96494,
8603,40.70219,-73.928345,
8604,40.676445,-73.92762,
8605,40.679832,-73.95322,
8609,40.811653,-73.91685,
8623,40.699547,-73.83246,
8624,40.702496,-73.81303,
8628,40.86769,-73.92122,
8631,40.651512,-74.00734,
8633,40.668495,-73.925606,
8639,40.694214,-73.7531,
8641,40.745293,-73.9985,
8642,40.779747,-73.915825,
8647,40.85004,-73.91606,
8650,40.77039,-73.954124,
8652,40.812008,-73.951515,
8658,40.631336,-74.1478,
8662,40.70766,-73.78773,
8666,40.853683,-73.93054,
8674,40.75228,-73.9897,
8675,40.66768,-73.961815,
8678,40.701103,-73.92239,
8686,40.8047,-73.91243,
8696,40.769638,-73.9919,
8700,40.78257,-73.94522,
8702,40.80123,-73.9577,
8706,40.79525,-73.97321,
8707,40.678543,-73.949684,
8711,40.810753,-73.96443,
8731,40.70665,-73.95042,
8742,40.86464,-73.92891,
8748,40.656685,-73.9299,
8750,40.576275,-73.98796,
8753,40.84768,-73.91237,
8756,40.76615,-73.919785,
8770,40.66049,-73.962814,
8773,40.796215,-73.94971,
8774,40.746536,-73.985954,
8775,40.611614,-73.97459,
8782,40.753635,-73.91893,
8785,40.755836,-73.924835,
8787,40.74959,-74.00279,
8788,40.794132,-73.94281,
8792,40.863113,-73.920616,
8794,40.8385,-73.90598,
8795,40.8018,-73.96108,
8796,40.684116,-73.83273,
8797,40.69268,-73.85632,
8798,40.667477,-73.95623,
8799,40.80293,-73.96759,
8804,40.825573,-73.918465,
8812,40.669796,-73.87057,
8813,40.826683,-73.935394,
8814,40.821636,-73.93909,
8821,40.766285,-73.98186,
8825,40.62499,-74.14403,
8826,40.882393,-73.83623,
8828,40.74788,-73.85731,
8832,40.69603,-73.943535,
8837,40.81401,-73.94466,
8842,40.820435,-73.93624,
8843,40.682037,-73.87788,
8847,40.699936,-73.91181,
8849,40.668648,-73.92835,
8854,40.815845,-73.95287,
8865,40.753017,-73.87165,
8869,40.822834,-73.941925,
8873,40.70001,-73.830894,
8876,40.79423,-73.94695,
8877,40.80777,-73.94549,
8879,40.856743,-73.89527,
8885,40.789635,-73.94609,
8888,40.677483,-73.93033,
8889,40.759724,-73.92061,
8890,40.77364,-73.95986,
8893,40.717926,-73.98568,
8896,40.802074,-73.93407,
8900,40.844177,-73.90292,
8908,40.72721,-73.99528,
8910,40.75829,-73.83431,
8911,40.84588,-73.904755,
8913,40.81094,-73.94318,
8918,40.801754,-73.93121,
8922,40.679863,-73.83884,
8932,40.852726,-73.93443,
8935,40.766876,-73.97908,
8937,40.805214,-73.925766,
8938,40.729378,-73.98402,
8940,40.840645,-73.84205,
8941,40.82653,-73.94667,
8943,40.80647,-73.94644,
8953,40.690823,-73.936615,
8959,40.805836,-73.94691,
8963,40.604996,-73.99427,
8971,40.69731,-73.932274,
8974,40.677025,-73.95268,
8988,40.680473,-73.9614,
8998,40.820435,-73.93624,
8999,40.668648,-73.92835,
9000,40.773964,-73.9228,
9003,40.677174,-73.924774,
9006,40.821,-73.8969,
9008,40.663517,-73.957214,
9021,40.80897,-73.94833,
9026,40.8165,-73.946556,
9027,40.826855,-73.922676,
9028,40.813374,-73.956276,
9030,40.69919,-73.91469,
9035,40.600945,-73.82037,
9037,40.629852,-74.01956,
9041,40.865593,-73.91811,
9043,40.65263,-74.00618,
9044,40.823315,-73.94901,
9047,40.805737,-73.94065,
9060,40.712902,-73.90608,
9066,40.67277,-73.9628,
9067,40.778797,-73.98206,
9071,40.860577,-73.90255,
9074,40.71671,-73.98917,
9075,40.68662,-73.82319,
9076,40.700054,-73.92459,
9084,40.663124,-73.96244,
9086,40.65624,-73.93669,
9089,40.885098,-73.90066,
9093,40.66077,-73.91975,
9098,40.81094,-73.94318,
9099,40.744034,-74.00313,
9101,40.747852,-73.99291,
9102,40.7517,-73.986404,
9105,40.65626,-73.950165,
9108,40.72293,-73.98865,
9109,40.756035,-73.98695,
9113,40.76943,-73.91025,
9115,40.704895,-73.94926,
9127,40.730137,-73.862366,
9130,40.730537,-73.95065,
9132,40.81172,-73.92813,
9133,40.736855,-73.97853,
9134,40.85533,-73.93332,
9138,40.752975,-73.91024,
9142,40.68796,-73.94194,
9144,40.74649,-74.001335,
9146,40.65729,-73.880005,
9148,40.61709,-73.91895,
9149,40.698772,-73.92233,
9151,40.697582,-73.94965,
9154,40.821068,-73.89894,
9161,40.82326,-73.95277,
9162,40.701046,-73.91068,
9168,40.718987,-73.892136,
9169,40.600216,-73.943825,
9170,40.78542,-73.98399,
9175,40.62509,-74.12474,
9176,40.63667,-74.02567,
9182,40.6835,-73.93516,
9188,40.669228,-73.9556,
9190,40.769886,-73.92781,
9197,40.69473,-73.91928,
9198,40.7441,-73.99565,
9199,40.799435,-73.9553,
9201,40.792927,-73.94791,
9203,40.854977,-73.92779,
9218,40.69663,-73.91857,
9220,40.828075,-73.88543,
9223,40.692593,-73.91551,
9224,40.735203,-73.985794,
9225,40.64431,-73.93155,
9226,40.862755,-73.901085,
9234,40.691017,-73.954475,
9235,40.60981,-73.92251,
9249,0.0,0.0,
9261,40.670124,-73.95528,
9263,40.747772,-73.985054,
9267,40.71445,-73.9306,
9272,40.6884,-73.95118,
9284,40.73332,-73.79114,
9289,40.73272,-73.94281,
9299,40.654694,-74.01111,
9300,40.678516,-73.963905,
9304,40.701508,-73.88608,
9306,40.801285,-73.95394,
9309,40.714264,-73.980934,
9312,40.673115,-73.88762,
9313,40.687244,-73.95469,
9314,40.634884,-73.93343,
9315,40.8511,-73.90468,
9318,40.664692,-73.729836,
9319,40.62962,-74.07667,
9320,40.734657,-74.00475,
9331,40.823887,-73.95232,
9336,40.808804,-73.95589,
9341,40.812115,-73.94604,
9343,40.677,-73.81965,
9350,40.681484,-73.97703,
9352,40.810856,-73.939026,
9354,40.834198,-73.85169,
9356,40.757072,-73.96986,
9360,40.666737,-73.991745,
9361,40.70618,-73.92846,
9377,40.83543,-73.92341,
9378,40.81666,-73.938995,
9380,40.700825,-73.89424,
9388,40.815845,-73.89544,
9389,40.58905,-73.811455,
9394,40.712902,-73.98694,
9405,40.69657,-73.95844,
9411,40.83661,-73.92234,
9413,40.606762,-74.16583,
9420,40.84771,-73.93798,
9421,40.677917,-73.93861,
9422,40.826275,-73.85971,
9423,40.718678,-73.9405,
9424,40.813374,-73.956276,
9435,40.852386,-73.90369,
9445,40.719395,-74.00189,
9446,40.68107,-73.94972,
9448,40.679737,-73.76162,
9450,40.637154,-74.1602,
9457,40.663727,-73.95386,
9462,40.686367,-73.929756,
9474,40.850906,-73.93829,
9482,40.819096,-73.94093,
9493,40.65945,-73.89847,
9496,40.776875,-73.94938,
9498,40.760525,-73.97998,
9505,40.75267,-73.93641,
9507,40.647766,-73.95816,
9510,40.856503,-73.93277,
9511,40.732372,-74.00348,
9514,40.679276,-73.92906,
9525,40.55594,-74.176125,
9536,40.844593,-73.88167,
9543,40.80297,-73.96387,
9544,40.789623,-73.94007,
9547,40.556232,-74.14655,
9548,40.75034,-73.983185,
9552,40.647766,-73.95816,
9553,40.85669,-73.864746,
9555,40.843365,-73.91545,
9571,40.632492,-74.1564,
9573,40.712673,-73.80139,
9590,40.63552,-74.0167,
9595,40.634098,-74.01782,
9596,40.69467,-73.93115,
9598,40.718987,-73.892136,
9603,40.68199,-73.90887,
9609,40.75303,-73.92163,
9611,40.85537,-73.90473,
9616,40.677773,-73.93587,
9618,40.72882,-73.95367,
9623,40.70663,-73.806595,
9625,40.856743,-73.89527,
9632,40.717926,-73.98568,
9645,40.631275,-73.97606,
9649,40.857327,-73.904526,
9651,40.83876,-73.93967,
9652,40.69412,-73.96017,
9664,40.852806,-73.90477,
9665,40.696198,-73.98869,
9669,40.59348,-73.96326,
9672,40.81394,-73.948425,
9675,40.703815,-73.89106,
9686,40.685463,-73.9506,
9691,40.795586,-73.950165,
9692,40.641186,-74.014404,
9697,40.753937,-73.8603,
9707,40.771996,-73.933304,
9713,40.68064,-73.95338,
9716,40.66173,-73.96078,
9734,40.674313,-73.95009,
9743,40.80047,-73.95777,
9749,40.822834,-73.941925,
9758,40.729794,-74.002144,
9759,40.748466,-73.99247,
9760,40.7716,-73.80907,
9771,40.83228,-73.90963,
9774,40.87341,-73.87589,
9776,40.72931,-73.997894,
9782,40.813374,-73.956276,
9784,40.760464,-73.826546,
9790,40.701046,-73.91068,
9806,40.801754,-73.93121,
9812,40.743782,-73.97352,
9813,40.68372,-73.78468,
9819,40.702778,-73.89457,
9821,40.76085,-73.923004,
9823,40.859303,-73.89884,
9829,40.748825,-73.96984,
9841,40.694576,-73.95615,
9845,40.771694,-73.95919,
9849,40.644337,-74.00754,
9850,0.0,0.0,
9853,40.743782,-73.97352,
9856,40.710476,-73.963844,
9858,40.58227,-73.98612,
9859,40.807545,-73.95681,
9860,40.708897,-74.00231,
9862,40.732037,-73.814926,
9872,40.815304,-73.94371,
9873,40.675755,-73.95977,
9878,40.7632,-73.92109,
9880,40.83302,-73.862724,
9881,40.673397,-73.98279,
9882,40.764347,-73.82595,
9883,40.656063,-73.93957,
9884,40.69386,-73.96222,
9885,40.682415,-73.83617,
9886,40.665493,-73.88475,
9890,40.822834,-73.941925,
9901,40.82577,-73.91542,
9905,40.70089,-73.94221,
9911,40.79988,-73.93861,
9912,40.757107,-73.997314,
9916,40.821,-73.8969,
9917,40.8617,-73.89139,
9927,40.657665,-73.89705,
9928,40.58196,-73.959946,
9938,40.806335,-73.95588,
9941,40.82092,-73.94333,
9949,40.79913,-73.96667,
9950,40.661148,-73.945496,
9953,40.650944,-73.905975,
9957,40.728596,-73.98768,
9962,40.62058,-74.16359,
9963,40.811565,-73.942726,
9971,40.681137,-73.95567,
9975,40.83501,-73.91206,
9977,40.689022,-73.93925,
9985,40.728065,-73.99896,
9988,40.72293,-73.847336,
9991,40.714333,-73.92946,
9992,40.73447,-73.989944,
9996,40.820873,-73.94516,
9997,40.729553,-73.91188,
10006,40.689236,-73.84503,
10008,40.75714,-73.8271,
10009,40.701508,-73.88608,
10011,40.698536,-73.91788,
10014,40.8047,-73.91243,
10015,40.87683,-73.86472,
10017,40.655563,-73.87974,
10018,40.642303,-74.01324,
10024,40.827423,-73.86823,
10028,40.606728,-73.76394,
10029,40.686993,-73.976555,
10031,40.731613,-73.9545,
10038,40.775433,-73.90022,
10040,40.663982,-73.72963,
10042,40.822174,-73.95211,
10046,40.674572,-73.96314,
10049,40.68418,-73.983955,
10053,40.690563,-73.94536,
10058,40.610172,-74.12146,
10059,40.792927,-73.94791,
10060,40.80297,-73.96387,
10071,40.688324,-73.96482,
10077,40.77305,-73.92148,
10079,40.712,-73.82546,
10081,40.68382,-73.83685,
10082,40.785866,-73.950935,
10087,40.75831,-73.96294,
10092,40.669704,-73.94774,
10093,40.699158,-73.927055,
10102,40.663284,-73.96096,
10105,40.809692,-73.94409,
10110,40.71558,-73.960144,
10111,40.69037,-73.92755,
10113,40.728584,-73.82047,
10121,40.74094,-73.91725,
10129,40.840977,-73.916016,
10133,40.672077,-73.941956,
10139,40.674,-73.960396,
10145,40.63962,-73.95477,
10148,40.73401,-74.00457,
10153,40.608807,-73.9532,
10162,40.737785,-73.93496,
10164,40.766666,-73.9304,
10166,40.857105,-73.90936,
10169,40.67036,-73.77779,
10170,40.684002,-73.86343,
10173,40.666725,-73.94245,
10176,40.706867,-73.7908,
10182,40.620197,-73.96235,
10187,40.743156,-73.97213,
10190,40.757847,-73.91661,
10193,40.631836,-73.94463,
10199,40.826626,-73.939156,
10200,40.694214,-73.95932,
10202,40.805836,-73.94691,
10207,40.69529,-73.94339,
10209,40.692356,-73.94282,
10219,40.665718,-73.95687,
10222,40.707462,-74.00404,
10232,40.644634,-73.943115,
10248,40.759163,-73.988396,
10252,40.759293,-73.92646,
10255,40.696785,-73.95659,
10256,40.570877,-74.16984,
10257,40.792362,-73.96418,
10259,40.72593,-73.99466,
10275,40.81574,-73.95456,
10277,40.792927,-73.94791,
10281,40.668495,-73.925606,
10284,40.716316,-73.90164,
10286,40.807095,-73.945984,
10287,40.676785,-73.969185,
10292,40.664963,-73.98982,
10295,40.671185,-73.94204,
10297,40.696335,-73.930504,
10313,40.672413,-73.957344,
10316,40.748802,-73.86309,
10320,40.71827,-73.99072,
10322,40.681572,-73.92579,
10329,40.812813,-73.94181,
10333,40.696144,-73.97834,
10337,40.744717,-73.86786,
10339,40.847122,-73.90838,
10352,40.596233,-73.938194,
10356,40.735752,-73.88052,
10357,40.69885,-73.938576,
10360,40.59582,-73.77233,
10363,40.812103,-73.94976,
10372,40.599052,-74.1627,
10376,40.795963,-73.97084,
10380,40.68418,-73.983955,
10392,40.666878,-73.94522,
10395,40.703045,-73.92985,
10399,40.69597,-73.91337,
10404,40.6765,-73.88234,
10407,40.67187,-73.95464,
10409,40.72738,-73.94575,
10410,40.812744,-73.937645,
10414,40.666603,-73.95655,
10425,40.696354,-73.94071,
10427,40.814144,-73.95571,
10429,40.85482,-73.9112,
10430,40.675236,-73.97106,
10434,40.687935,-73.9154,
10435,40.68817,-73.98399,
10439,40.582287,-74.16907,
10445,40.679787,-73.93844,
10446,40.69336,-73.97585,
10449,40.663517,-73.957214,
10450,40.69375,-73.9372,
10453,40.681805,-73.94987,
10455,40.820026,-73.90299,
10458,40.68342,-73.982,
10468,40.819046,-73.944695,
10471,40.84494,-73.92044,
10479,40.779495,-73.9535,
10481,40.68484,-73.79281,
10485,40.701103,-73.92239,
10493,40.612724,-73.94418,
10495,40.716988,-73.90183,
10497,40.651573,-73.97237,
10498,40.728928,-73.9195,
10502,40.659584,-74.00247,
10504,40.710785,-73.95995,
10507,40.75205,-73.92792,
10508,40.8165,-73.946556,
10518,40.848118,-73.93089,
10521,40.807545,-73.95681,
10522,40.843994,-73.89752,
10530,40.703667,-73.9269,
10534,40.684734,-73.950455,
10536,40.678276,-73.92467,
10542,40.784237,-73.947075,
10546,40.668797,-73.93113,
10558,40.70412,-73.947876,
10559,40.668373,-73.92264,
10564,40.755524,-73.833405,
10571,40.65505,-73.95631,
10572,40.8284,-73.9453,
10577,40.813374,-73.956276,
10583,40.57279,-73.99597,
10587,40.684624,-73.93838,
10591,40.675053,-73.87436,
10595,40.644688,-74.003586,
10598,40.721985,-73.84523,
10599,40.76172,-73.98281,
10602,40.776276,-73.95795,
10603,40.638077,-74.16231,
10604,40.757374,-73.90369,
10611,40.76897,-73.7981,
10617,40.840874,-73.91979,
10618,40.858368,-73.903915,
10622,40.675106,-73.809784,
10624,40.741863,-73.90751,
10631,40.837803,-73.94215,
10637,40.75388,-73.96616,
10639,40.766716,-73.928566,
10640,40.663906,-73.95098,
10641,40.754745,-73.9879,
10643,40.637997,-74.02136,
10649,40.72293,-73.847336,
10650,40.609463,-73.97419,
10653,40.7966,-73.97039,
10665,40.837177,-73.90799,
10667,40.68887,-73.92097,
10668,40.868473,-73.92404,
10669,40.640167,-73.95713,
10670,40.700726,-73.94194,
10674,40.75958,-73.76894,
10678,40.87367,-73.879234,
10681,40.88082,-73.90344,
10689,40.752037,-73.942726,
10693,40.72225,-74.00592,
10694,40.830914,-73.92047,
10699,40.79147,-73.97411,
10710,40.84764,-73.901,
10711,40.707592,-73.95555,
10716,40.6865,-73.98787,
10730,40.682487,-73.979614,
10731,40.752975,-73.91024,
10737,40.702,-73.93205,
10745,40.659725,-73.95681,
10748,40.881634,-73.854126,
10749,40.825897,-73.93936,
10765,40.655563,-73.87974,
10769,40.711224,-73.92859,
10773,40.690002,-73.92413,
10778,40.641716,-73.93611,
10779,40.69783,-73.93677,
10786,40.825573,-73.918465,
10789,40.842773,-73.922806,
10793,40.757145,-73.99357,
10794,40.734314,-73.93803,
10799,40.6575,-73.839455,
10802,40.768547,-73.90464,
10804,40.811264,-73.95782,
10805,40.67118,-73.96934,
10809,40.659336,-73.92726,
10812,40.830563,-73.92727,
10818,40.680946,-73.88398,
10823,40.810764,-73.9526,
10826,40.813255,-73.93028,
10830,40.80704,-73.9698,
10838,40.687004,-73.9796,
10844,40.696983,-73.935234,
10845,40.658306,-73.95666,
10850,40.81776,-73.94745,
10851,40.76132,-73.9171,
10855,40.689133,-73.951324,
10865,40.657753,-73.89612,
10880,40.747242,-73.88766,
10890,40.72135,-74.00465,
10891,40.755405,-73.97949,
10893,40.753986,-73.80769,
10894,40.713375,-73.76298,
10895,40.759724,-73.92061,
10896,40.85352,-73.902725,
10902,40.84544,-73.93869,
10908,40.606876,-73.94795,
10914,40.570877,-74.16984,
10917,40.7731,-73.84566,
10918,40.820435,-73.93624,
10923,40.66408,-73.94817,
10925,40.84528,-73.83453,
10927,40.692062,-73.95191,
10929,40.8475,-73.86696,
10931,40.81207,-73.93603,
10933,40.732254,-73.99636,
10935,40.69149,-73.92557,
10936,40.82101,-73.86575,
10939,40.840347,-73.84241,
10940,40.77573,-73.92603,
10945,40.742493,-73.87337,
10946,40.818504,-73.91448,
10952,40.688786,-73.98358,
10955,40.818424,-73.94515,
10958,40.742676,-73.73361,
10965,40.828346,-73.94906,
10972,40.812744,-73.937645,
10973,40.679962,-73.83953,
10975,40.86258,-73.925385,
10976,40.734314,-73.93803,
10982,40.636326,-73.958405,
10987,40.76095,-73.832756,
11001,40.813374,-73.956276,
11003,40.675926,-73.95608,
11005,40.76235,-73.92619,
11006,40.80761,-73.95305,
11016,40.723724,-73.85455,
11017,40.62452,-73.99749,
11020,40.679276,-73.92906,
11021,40.670124,-73.95528,
11030,40.8178,-73.9456,
11032,40.690907,-73.95542,
11036,40.618973,-74.00523,
11041,40.69299,-73.95583,
11045,40.758316,-73.91069,
11046,40.683266,-73.96587,
11049,40.75092,-73.86224,
11052,40.844448,-73.82846,
11063,40.596233,-73.938194,
11064,40.8398,-73.928665,
11066,40.84091,-73.904755,
11068,40.833416,-73.90709,
11069,40.706833,-73.78338,
11070,40.691704,-73.94849,
11074,40.758633,-73.96579,
11077,40.822834,-73.941925,
11080,40.859303,-73.89884,
11082,40.692783,-73.91181,
11085,40.765324,-73.816185,
11086,40.724136,-73.992615,
11099,40.76943,-73.91025,
11103,40.759617,-73.961975,
11104,40.812622,-73.92934,
11114,40.69825,-73.92997,
11118,40.7606,-73.96434,
11120,40.642303,-74.01324,
11132,40.866383,-73.88515,
11138,40.697918,-73.92083,
11140,40.671032,-73.93927,
11143,40.648308,-74.01412,
11144,40.582462,-73.82799,
11145,40.823647,-73.943855,
11147,40.587444,-73.812164,
11150,40.732254,-73.99636,
11157,40.759773,-73.8173,
11160,40.67798,-73.872116,
11162,40.818394,-73.95089,
11168,40.68225,-73.919876,
11169,40.687534,-73.9775,
11176,40.830914,-73.92047,
11185,40.794052,-73.970375,
11189,40.68578,-73.9544,
11191,40.7067,-73.95292,
11192,40.688553,-73.91245,
11193,40.81536,-73.8867,
11205,40.69603,-73.943535,
11208,40.721233,-73.73634,
11212,40.67798,-73.872116,
11218,40.698265,-73.93399,
11224,40.80599,-73.96799,
11225,40.877796,-73.86806,
11226,40.859303,-73.89884,
11230,40.639305,-73.95898,
11237,40.83639,-73.91588,
11238,40.801754,-73.93121,
11246,40.692482,-73.9203,
11251,40.610157,-74.01203,
11257,40.67578,-74.0014,
11259,40.6931,-73.95489,
11265,40.69767,-73.96675,
11269,40.820255,-73.94562,
11276,40.675385,-73.95337,
11277,40.763416,-73.92844,
11288,40.72002,-73.81834,
11289,40.69386,-73.96222,
11296,40.643986,-74.01149,
11301,40.630505,-73.92812,
11307,40.792095,-73.97366,
11308,40.698265,-73.93399,
11313,40.81458,-73.94795,
11319,40.750645,-73.94566,
11320,40.745384,-73.99471,
11325,40.60168,-74.1633,
11330,40.67989,-73.94034,
11332,40.841274,-73.91762,
11333,40.699505,-73.88883,
11342,40.68694,-73.87323,
11343,40.745182,-73.97093,
11344,40.84764,-73.901,
11351,40.687782,-73.91907,
11356,40.675537,-73.871,
11360,40.618797,-73.9835,
11365,40.697998,-73.92606,
11366,40.689274,-73.99913,
11369,40.689842,-73.850075,
11371,40.78517,-73.973145,
11377,40.79799,-73.96199,
11382,40.723003,-73.94502,
11388,40.710262,-73.95802,
11392,40.80417,-73.966705,
11395,40.78257,-73.94522,
11407,40.84859,-73.786995,
11410,40.694557,-73.906555,
11414,40.66602,-73.896324,
11415,40.879215,-73.885284,
11416,40.72648,-73.89442,
11433,40.759163,-73.988396,
11435,40.59346,-73.777985,
11439,40.704895,-73.94926,
11440,40.679073,-73.92527,
11441,40.80761,-73.95305,
11445,40.673843,-73.92509,
11447,40.70239,-73.924644,
11448,40.74715,-73.985504,
11450,40.765224,-73.92275,
11452,40.6915,-73.90956,
11455,40.82579,-73.941055,
11460,40.583725,-73.89372,
11464,40.711823,-73.83612,
11474,40.834198,-73.85169,
11476,40.805706,-73.95633,
11480,40.58848,-73.991875,
11486,40.632164,-74.166336,
11495,40.672733,-73.96966,
11498,40.7966,-73.97039,
11504,40.660946,-73.96067,
11508,40.740364,-73.89972,
11509,40.752934,-73.9855,
11511,40.845177,-73.88832,
11514,40.755756,-73.96479,
11519,40.678722,-73.952995,
11523,40.635494,-74.00196,
11527,40.694855,-73.925,
11528,40.82325,-73.88277,
11529,40.774166,-73.9031,
11532,40.75045,-73.9873,
11533,40.758972,-73.91901,
11534,40.68532,-73.98071,
11538,40.653755,-73.88173,
11543,40.698265,-73.93399,
11545,40.838497,-73.939835,
11548,40.8165,-73.946556,
11555,40.757233,-73.9898,
11560,40.610317,-73.98304,
11563,40.80202,-73.94969,
11566,40.606354,-74.06043,
11567,40.728745,-73.978546,
11584,40.82959,-73.90949,
11591,40.8518,-73.909225,
11600,40.679832,-73.95322,
11606,40.809048,-73.92856,
11613,40.74608,-73.974945,
11616,40.637997,-74.02136,
11621,40.822258,-73.95616,
11633,40.698536,-73.91788,
11638,40.84764,-73.901,
11639,40.763416,-73.92844,
11641,40.697296,-73.92378,
11643,40.763428,-73.99271,
11651,40.83787,-73.9197,
11660,40.845837,-73.892006,
11662,40.643707,-73.99744,
11664,40.69614,-73.92726,
11669,40.68861,-73.84218,
11670,40.69089,-73.94253,
11673,40.798615,-73.94375,
11675,40.676647,-73.82236,
11677,40.73248,-73.746735,
11678,40.634506,-73.949455,
11679,40.63079,-73.94552,
11680,40.68721,-73.91805,
11683,40.71126,-73.899864,
11685,40.65935,-73.99918,
11687,40.828983,-73.93897,
11695,40.815403,-73.93992,
11696,40.820263,-73.92976,
11705,40.689365,-73.9058,
11706,40.687344,-73.97985,
11716,40.700424,-73.9444,
11723,40.687416,-73.95972,
11725,40.717926,-73.98568,
11726,40.811367,-73.95402,
11727,40.63073,-74.01734,
11731,40.689922,-73.92281,
11732,40.683414,-73.92282,
11734,40.68005,-73.94327,
11745,40.61688,-73.954735,
11748,40.6792,-73.9553,
11752,40.71865,-73.83771,
11756,40.688625,-73.93618,
11757,40.60971,-73.75638,
11758,40.792362,-73.96418,
11760,40.73384,-74.01007,
11761,40.693172,-73.94878,
11769,40.66188,-73.94557,
11772,40.6972,-73.952934,
11773,40.680473,-73.9614,
11775,40.810764,-73.9526,
11779,40.828316,-73.93118,
11780,40.83918,-73.94115,
11781,40.6792,-73.9553,
11784,40.63552,-74.0167,
11786,40.70022,-73.96219,
11789,40.835297,-73.91291,
11801,40.677773,-73.93587,
11804,40.663555,-73.93162,
11806,40.82057,-73.94641,
11808,40.838497,-73.939835,
11817,40.70028,-73.941154,
11818,40.68418,-73.983955,
11831,40.658535,-73.97328,
11834,40.85482,-73.9112,
11843,40.69024,-73.9482,
11845,40.782513,-73.91976,
11852,40.82883,-73.82701,
11853,40.763428,-73.99271,
11859,40.712795,-73.95867,
11861,40.684414,-73.869514,
11864,40.7025,-73.814964,
11866,40.663517,-73.957214,
11874,40.84764,-73.901,
11878,40.70447,-73.94274,
11879,40.626034,-74.13434,
11881,40.676937,-73.89907,
11883,40.829105,-73.91863,
11891,40.81632,-73.95783,
11894,40.810318,-73.943634,
11895,40.80202,-73.94969,
11901,40.593742,-73.96085,
11903,40.755554,-73.91848,
11909,40.798626,-73.93953,
11913,40.709896,-73.83941,
11914,40.843548,-73.936134,
11919,40.892754,-73.85774,
11926,40.71445,-73.9306,
11929,40.757935,-73.98557,
11932,40.758533,-73.98885,
11933,40.815304,-73.94371,
11935,40.694813,-73.98327,
11939,40.72605,-73.98354,
11942,40.702496,-73.81303,
11950,40.73723,-74.000656,
11952,40.823257,-73.94293,
11953,40.81574,-73.95456,
11955,40.811264,-73.95782,
11967,40.795456,-73.96564,
11974,40.77645,-73.90167,
11975,40.673374,-73.8565,
11977,40.792812,-73.937744,
11978,40.603058,-73.98261,
11980,40.84631,-73.91947,
11981,40.74759,-73.86854,
11990,40.862755,-73.901085,
12004,40.789948,-73.94293,
12008,40.759842,-73.984184,
12011,40.589134,-73.80098,
12014,40.730198,-73.954254,
12025,40.63765,-73.9528,
12033,40.886612,-73.90703,
12037,40.697918,-73.9728,
12040,40.653576,-73.95946,
12042,40.812622,-73.92934,
12046,40.63932,-74.02356,
12047,40.68187,-73.955826,
12051,40.87367,-73.879234,
12062,40.685917,-73.87071,
12063,40.759617,-73.961975,
12064,40.80098,-73.93178,
12065,40.846874,-73.90877,
12067,40.8018,-73.96108,
12071,40.68576,-73.915504,
12078,40.671627,-73.96263,
12081,40.805737,-73.94065,
12086,40.790367,-73.949776,
12089,40.671337,-73.9448,
12098,40.69663,-73.91857,
12113,40.68733,-73.98183,
12122,40.724274,-73.99082,
12125,40.769737,-73.91244,
12141,40.821636,-73.93909,
12142,40.7441,-73.99565,
12148,40.715763,-73.74654,
12154,40.75855,-73.82964,
12156,40.843777,-73.90947,
12157,40.58422,-74.1073,
12161,40.86226,-73.89589,
12164,40.678722,-73.952995,
12166,40.79216,-73.9777,
12175,40.827633,-73.93577,
12178,40.69578,-73.917076,
12180,40.77741,-73.978806,
12182,40.758305,-74.000145,
12186,40.74886,-73.93755,
12193,40.70918,-73.81916,
12200,40.680214,-73.94628,
12206,40.813374,-73.956276,
12207,40.700726,-73.94194,
12209,40.79996,-73.94698,
12212,40.68536,-73.88221,
12215,40.696995,-73.95475,
12221,40.796795,-73.94718,
12225,40.63082,-73.88636,
12235,40.86231,-73.909874,
12237,40.87138,-73.88379,
12239,40.612724,-73.94418,
12244,40.689373,-73.86151,
12257,40.696342,-73.97644,
12259,40.799786,-73.968216,
12261,40.826855,-73.922676,
12262,40.68804,-73.83275,
12265,40.848396,-73.90605,
12271,40.842625,-73.87818,
12277,40.77178,-73.9792,
12279,40.658546,-73.99634,
12281,40.847996,-73.9347,
12291,40.70481,-73.93932,
12294,40.69764,-73.92932,
12295,40.8022,-73.9678,
12305,40.682835,-73.94092,
12306,40.6052,-74.0852,
12308,40.702847,-73.93353,
12322,40.773487,-73.924934,
12323,40.678722,-73.952995,
12326,40.63932,-74.02356,
12327,40.672363,-73.93079,
12330,40.810318,-73.943634,
12335,40.661964,-73.95705,
12341,40.828278,-73.907036,
12342,40.658535,-73.97328,
12350,40.655563,-73.87974,
12351,40.665916,-73.92547,
12359,40.84205,-73.83791,
12367,40.61327,-73.95623,
12371,40.787693,-73.94148,
12383,40.74603,-73.913376,
12387,40.820293,-73.94378,
12398,40.679634,-73.94959,
12410,40.697117,-73.93401,
12416,40.63159,-74.16039,
12417,40.841347,-73.9169,
12421,40.728195,-73.984886,
12423,40.664173,-73.9449,
12426,40.724876,-73.975174,
12428,40.862534,-73.89708,
12433,40.64943,-74.01296,
12434,40.794907,-73.94856,
12437,40.66408,-73.94817,
12442,40.79548,-73.96191,
12452,40.691677,-73.972565,
12455,40.58707,-73.95279,
12461,40.692795,-73.95206,
12471,40.837315,-73.934044,
12475,40.762337,-73.91517,
12484,40.74409,-73.97636,
12491,40.673767,-73.76381,
12494,40.687504,-73.91465,
12500,40.626045,-74.156685,
12503,40.825897,-73.93936,
12506,40.576588,-73.97151,
12516,40.732346,-73.98495,
12519,40.82065,-73.917725,
12522,40.761265,-73.9094,
12528,40.703403,-73.917786,
12534,40.71347,-73.91567,
12545,40.821636,-73.93909,
12551,40.845837,-73.892006,
12553,40.854977,-73.92779,
12554,40.759308,-73.9653,
12556,40.69386,-73.96222,
12557,40.8165,-73.946556,
12558,40.69168,-73.99965,
12559,40.692562,-73.92799,
12566,40.661568,-73.90479,
12569,40.69447,-73.95709,
12574,40.707104,-73.759,
12579,40.753166,-73.82194,
12581,40.646515,-73.958115,
12588,40.678932,-73.96197,
12590,40.82092,-73.94333,
12595,40.703987,-73.79855,
12598,40.844715,-73.91228,
12605,40.68148,-73.95736,
12610,40.866333,-73.92501,
12615,40.826153,-73.920265,
12621,40.609707,-74.011284,
12628,40.62055,-74.16919,
12629,40.626034,-73.98327,
12632,40.78024,-73.961365,
12636,40.68605,-73.831726,
12637,40.833282,-73.82836,
12645,40.828278,-73.907036,
12647,40.749084,-73.909904,
12653,40.658413,-74.00357,
12655,40.765266,-73.81517,
12660,40.612175,-73.99397,
12669,40.658535,-73.97328,
12676,40.820435,-73.93624,
12678,40.82636,-73.89884,
12688,40.651108,-73.94283,
12690,40.715813,-73.91212,
12691,40.71523,-73.84791,
12705,40.57925,-74.07781,
12708,40.850643,-73.93737,
12709,40.676445,-73.92762,
12719,40.740025,-73.97626,
12724,40.637054,-74.150375,
12729,40.60603,-73.98703,
12730,40.689964,-73.796776,
12733,40.703304,-73.934235,
12734,40.757523,-73.82914,
12738,40.80824,-73.95259,
12739,40.867012,-73.92312,
12741,40.580658,-73.985664,
12742,40.605495,-73.98307,
12749,40.743374,-73.83591,
12750,40.764355,-73.91131,
12760,40.761616,-73.972855,
12767,40.685406,-73.97525,
12769,40.825954,-73.94337,
12776,40.80003,-73.954865,
12785,40.871117,-73.87683,
12788,40.801754,-73.93121,
12791,40.802074,-73.93407,
12797,40.637997,-74.02136,
12800,40.725758,-73.899765,
12808,40.762913,-73.96981,
12819,40.678543,-73.96855,
12822,40.82465,-73.94623,
12828,40.761234,-73.96389,
12836,40.684277,-73.78302,
12837,40.824783,-73.9084,
12838,40.6846,-73.97018,
12841,40.784943,-73.946594,
12851,40.82326,-73.95277,
12855,40.73398,-73.95995,
12858,40.7591,-73.99215,
12861,40.699955,-73.98682,
12863,40.677303,-73.804565,
12865,40.662804,-73.98834,
12870,40.86268,-73.90905,
12874,40.651512,-74.00734,
12891,40.77207,-73.94994,
12893,40.667847,-73.99404,
12900,40.757423,-73.92247,
12902,40.84852,-73.935936,
12903,40.75219,-73.99347,
12906,40.815304,-73.94371,
12908,40.830986,-73.91139,
12920,40.722286,-73.957466,
12925,40.689365,-73.9058,
12932,40.62747,-73.96278,
12939,40.82317,-73.9275,
12940,40.67066,-73.957985,
12943,40.825798,-73.88972,
12947,40.657314,-73.88864,
12948,40.82653,-73.94667,
12949,40.710957,-73.951126,
12952,40.68418,-73.983955,
12953,40.72881,-73.99507,
12959,40.68174,-73.95859,
12968,40.70775,-73.932304,
12969,40.75204,-73.92875,
12972,40.796642,-73.96848,
12973,40.76698,-73.9169,
12975,40.784534,-73.9736,
12976,40.673588,-73.73351,
12979,40.678722,-73.952995,
12980,40.76416,-73.968895,
12984,40.69521,-73.8075,
12987,40.76652,-73.92059,
12994,40.853474,-73.906456,
13009,40.857418,-73.899956,
13011,40.76548,-73.913704,
13014,40.6981,-73.92517,
13017,40.660355,-73.93521,
13019,40.773964,-73.9228,
13030,40.76943,-73.91025,
13034,40.729877,-73.98966,
13039,40.675236,-73.97106,
13042,40.827274,-73.904915,
13045,40.69584,-73.92959,
13048,40.724583,-73.98751,
13053,40.66065,-73.953545,
13061,40.658665,-73.88101,
13067,40.740185,-73.986374,
13079,40.78843,-73.94907,
13082,40.732643,-73.98157,
13085,40.60521,-73.997635,
13089,40.763485,-73.98895,
13095,40.832764,-73.94583,
13101,40.725937,-74.01103,
13109,40.749706,-73.99157,
13110,40.74073,-73.981766,
13111,40.837864,-73.9114,
13113,40.62806,-74.02029,
13116,40.734543,-73.93744,
13117,40.844063,-73.921,
13120,40.75662,-73.81718,
13122,40.67066,-73.957985,
13127,40.810856,-73.939026,
13129,40.65745,-73.956566,
13150,40.62707,-74.01865,
13152,40.770256,-73.91586,
13153,40.78393,-73.94423,
13159,40.735126,-74.00158,
13160,40.71445,-73.9306,
13163,40.81207,-73.93603,
13164,40.692287,-73.93691,
13183,40.693703,-73.90505,
13193,40.602905,-74.00003,
13194,40.76155,-73.96659,
13198,40.735313,-73.994125,
13202,40.69496,-73.98717,
13204,40.676815,-73.82338,
13205,40.79507,-73.93919,
13206,40.775368,-73.90962,
13211,40.691948,-73.939835,
13212,40.757847,-73.91661,
13216,40.678394,-73.94692,
13222,40.757065,-74.00106,
13224,40.609776,-73.9643,
13225,40.664413,-73.88727,
13228,40.68532,-73.98071,
13234,40.70153,-73.92314,
13235,40.729427,-73.97801,
13244,40.696003,-73.9299,
13254,40.845238,-73.900894,
13258,40.817593,-73.95319,
13262,40.810276,-73.94738,
13264,40.661163,-74.00069,
13289,40.69579,-73.93313,
13292,40.724873,-73.953445,
13297,40.714165,-74.00632,
13298,40.57204,-73.85755,
13299,40.703556,-73.78805,
13306,40.767353,-73.9177,
13315,40.672077,-73.941956,
13316,40.832764,-73.94583,
13322,40.722332,-73.91344,
13323,40.629257,-74.13761,
13324,40.8252,-73.867714,
13326,40.69328,-73.9043,
13328,40.703873,-73.91256,
13329,40.695335,-73.80121,
13340,40.697998,-73.92606,
13353,40.677624,-73.93308,
13358,40.697716,-73.967735,
13359,40.69192,-73.97896,
13369,40.708485,-73.92211,
13372,40.66147,-73.98613,
13375,40.767754,-73.83193,
13376,40.746143,-73.89812,
13379,40.754128,-73.98834,
13389,40.69529,-73.94339,
13392,40.886528,-73.89979,
13399,40.69689,-73.95564,
13404,40.822308,-73.93859,
13406,40.63757,-74.01457,
13410,40.64647,-74.01258,
13416,40.660217,-73.89675,
13418,40.617203,-73.961784,
13420,40.662735,-73.95713,
13425,40.66309,-73.962395,
13426,40.738796,-73.97716,
13433,40.687935,-73.9154,
13434,40.59624,-73.74622,
13439,40.634365,-73.88883,
13444,40.75539,-73.828285,
13451,40.738552,-73.99969,
13454,40.713104,-73.95147,
13458,40.658875,-73.94753,
13459,40.810173,-73.95117,
13460,40.689274,-73.92398,
13468,40.777554,-73.94889,
13475,40.85891,-73.922966,
13485,40.83611,-73.92238,
13486,40.679203,-73.9553,
13489,40.7441,-73.99565,
13493,40.663845,-73.994514,
13496,40.856712,-73.93264,
13508,40.64503,-73.91998,
13515,40.71618,-73.942085,
13517,40.701008,-73.9424,
13519,40.73883,-73.983154,
13532,40.782475,-73.98082,
13537,40.691807,-73.918625,
13538,40.68342,-73.982,
13539,0.0,0.0,
13540,40.678455,-73.949684,
13550,40.76122,-73.93056,
13556,40.741642,-73.97817,
13557,40.700245,-73.92089,
13561,40.73715,-73.930824,
13562,40.70312,-73.96443,
13563,40.65711,-74.00152,
13567,40.72293,-73.847336,
13569,40.793606,-73.95161,
13572,40.584377,-73.93108,
13573,40.67312,-73.96072,
13575,40.867424,-73.89182,
13578,40.734837,-73.98312,
13580,40.85482,-73.9112,
13584,40.746185,-73.95296,
13596,40.65661,-73.93091,
13600,40.744553,-73.8138,
13605,40.645405,-73.911736,
13610,40.78461,-73.96984,
13618,40.88731,-73.86412,
13619,40.747356,-73.94762,
13620,40.829647,-73.94439,
13621,40.631725,-74.13824,
13625,40.678455,-73.949684,
13629,40.752567,-73.87726,
13631,40.714,-73.823746,
13635,40.786182,-73.98145,
13640,40.68249,-73.97962,
13642,40.677574,-73.95548,
13657,40.821262,-73.94608,
13662,40.733425,-73.95818,
13672,40.698246,-73.98055,
13675,40.69657,-73.95844,
13680,40.89417,-73.856964,
13685,40.72857,-73.991135,
13686,40.724285,-73.9756,
13687,0.0,0.0,
13695,40.814102,-73.940865,
13697,40.725243,-74.01006,
13705,40.72339,-73.95628,
13707,40.680214,-73.94628,
13708,40.787224,-73.95417,
13710,40.84023,-73.880104,
13713,40.644913,-73.97443,
13718,40.726864,-73.97991,
13736,40.644142,-73.957924,
13737,40.61137,-73.973495,
13739,40.60859,-73.75678,
13743,40.72649,-73.8107,
13744,40.69488,-73.94042,
13749,40.865536,-73.92728,
13761,40.738045,-73.996346,
13762,40.82034,-73.940025,
13763,40.73814,-74.00648,
13766,40.8018,-73.96108,
13775,40.612213,-73.99718,
13779,40.668507,-73.92561,
13783,40.865795,-73.920006,
13784,40.70409,-73.92765,
13790,40.80184,-73.95915,
13791,40.751575,-73.982285,
13792,40.706573,-73.922874,
13796,40.72114,-73.942825,
13797,40.746296,-73.78725,
13803,40.764053,-73.96476,
13809,40.695377,-73.94921,
13823,40.752693,-73.932915,
13829,40.820293,-73.94378,
13831,40.61135,-74.09847,
13839,40.675385,-73.95337,
13841,40.58061,-73.98565,
13843,40.843304,-73.91919,
13846,40.700424,-73.9444,
13848,40.67624,-73.866104,
13849,40.722355,-73.99327,
13850,40.815304,-73.94371,
13853,40.663517,-73.957214,
13856,40.720623,-73.99498,
13861,40.620914,-73.9753,
13862,40.694923,-73.915565,
13864,40.618027,-73.99903,
13870,40.590588,-74.159966,
13871,40.791496,-73.97224,
13876,40.710243,-73.9584,
13877,40.704254,-73.96722,
13882,40.760456,-73.98374,
13885,40.820473,-73.9013,
13896,40.636494,-73.98701,
13898,40.7429,-73.89659,
13904,40.73715,-73.930824,
13913,40.793816,-73.94012,
13914,40.75303,-73.92163,
13916,40.61901,-73.98686,
13921,40.61778,-73.91026,
13926,40.752037,-73.942726,
13927,40.62534,-74.144066,
13933,40.671337,-73.9448,
13943,40.8439,-73.9117,
13945,40.7044,-73.92384,
13947,40.59829,-74.000046,
13955,40.625515,-74.15226,
13958,40.68366,-73.90788,
13959,40.69336,-73.97585,
13962,40.864655,-73.813866,
13964,40.62715,-74.16544,
13972,40.71508,-73.9925,
13975,40.741547,-73.98958,
13976,40.86446,-73.91895,
13977,40.829502,-73.87462,
13979,40.651352,-73.89275,
13983,40.74118,-73.88663,
13991,40.60645,-73.974594,
13992,40.764614,-73.95833,
13997,40.69216,-73.914764,
14000,40.829155,-73.93728,
14003,40.670994,-73.95496,
14011,40.577003,-74.00217,
14016,40.7313,-74.01047,
14020,40.6985,-73.98698,
14023,40.66822,-73.97383,
14024,40.672752,-73.95432,
14027,40.688698,-73.942085,
14029,40.750965,-73.94027,
14031,40.6828756,-73.9144661,
14032,40.750965,-73.94027,
14034,40.749725,-73.98363,
14036,40.69325,-73.97287,
14039,40.836792,-73.84669,
14045,40.716644,-73.99582,
14050,40.839275,-73.88436,
14064,40.58724,-74.16462,
14070,40.755703,-73.86624,
14071,40.660114,-73.96391,
14077,40.76781,-73.96202,
14080,40.80521,-73.94736,
14082,40.60554,-74.14197,
14083,40.86235,-73.894066,
14089,40.634026,-73.95023,
14094,40.7491,-73.984085,
14096,40.645348,-74.01375,
14104,40.618652,-73.9317,
14107,40.69608,-73.9694,
14108,40.700726,-73.94194,
14111,40.81133,-73.96403,
14119,40.680325,-73.82898,
14120,40.5917,-74.164444,
14121,40.67798,-73.872116,
14125,40.784237,-73.947075,
14127,40.808857,-73.96586,
14130,40.82499,-73.91662,
14132,40.61521,-74.16381,
14135,40.707825,-74.00433,
14137,40.746033,-73.93441,
14144,40.760494,-73.8614,
14147,40.847122,-73.90838,
14149,40.852306,-73.89811,
14152,40.80824,-73.95259,
14157,40.862778,-73.906166,
14158,40.725643,-73.99377,
14176,40.799145,-73.972534,
14185,40.663517,-73.957214,
14186,40.648643,-73.96075,
14188,40.672848,-73.9675,
14190,40.690075,-73.91916,
14191,40.78917,-73.95275,
14192,40.602646,-74.00746,
14193,40.74915,-73.98828,
14198,40.688698,-73.942085,
14209,40.801754,-73.93121,
14219,40.801754,-73.93121,
14222,40.787857,-73.96745,
14224,40.697716,-73.96488,
14231,40.7528,-73.979294,
14232,40.77353,-73.94417,
14236,40.710907,-73.95165,
